{"stats":{"minecraft:killed":{"iceandfire:ghost":1},"minecraft:mined":{"regions_unexplored:maple_log":1,"regions_unexplored:mossy_stone":2,"minecraft:crafting_table":1,"minecraft:pumpkin":11,"treechop:chopped_log":3,"minecraft:grass":2,"minecraft:grass_block":2,"minecraft:dirt_path":1,"minecraft:dirt":1,"minecraft:copper_ore":1,"regions_unexplored:medium_grass":2,"minecraft:stone":12},"minecraft:picked_up":{"minecraft:stick":20,"minecraft:crafting_table":1,"minecraft:oak_door":1,"minecraft:pumpkin":11,"minecraft:torch":1,"minecraft:dandelion":1,"minecraft:spruce_sapling":4,"minecraft:mossy_cobblestone":2,"minecraft:spruce_log":14,"eternal_tales:blue_rose":1,"minecraft:cornflower":4,"minecraft:dirt":4,"minecraft:raw_copper":4,"regions_unexplored:maple_sapling":5,"minecraft:wheat_seeds":2,"eternal_tales:anthurium":1,"eternal_tales:paeonia_et":1,"regions_unexplored:maple_log":10,"minecraft:poppy":3,"minecraft:baked_potato":14,"eternal_tales:starter_kit":1,"minecraft:cobblestone":12,"minecraft:oxeye_daisy":1},"minecraft:custom":{"minecraft:time_since_rest":3092,"minecraft:interact_with_furnace":4,"minecraft:sprint_one_cm":28423,"minecraft:damage_taken":40,"minecraft:walk_one_cm":29089,"minecraft:mob_kills":1,"minecraft:damage_dealt":8,"minecraft:interact_with_crafting_table":1,"minecraft:swim_one_cm":5853,"minecraft:fly_one_cm":36461,"minecraft:open_chest":7,"minecraft:crouch_one_cm":61,"minecraft:play_time":17576,"minecraft:sneak_time":55,"minecraft:walk_under_water_one_cm":3076,"minecraft:jump":149,"minecraft:time_since_death":17576,"minecraft:walk_on_water_one_cm":1408,"minecraft:sleep_in_bed":1,"minecraft:total_world_time":17576,"minecraft:fall_one_cm":3613},"minecraft:crafted":{"minecraft:crafting_table":1,"minecraft:stick":8,"regions_unexplored:maple_planks":40,"minecraft:stone_pickaxe":1},"minecraft:used":{"minecraft:stone_sword":4,"minecraft:stone_pickaxe":7,"minecraft:baked_potato":2,"eternal_tales:starter_kit":1,"minecraft:wooden_pickaxe":8,"minecraft:leather_boots":1,"minecraft:stone_axe":41,"minecraft:crafting_table":1,"minecraft:pumpkin":4}},"DataVersion":3465}