{"stats":{"minecraft:mined":{"minecraft:jungle_leaves":1,"treechop:chopped_log":4,"minecraft:grass":18,"minecraft:oak_log":2,"minecraft:vine":1,"minecraft:dirt":1,"minecraft:tall_grass":3,"minecraft:stone":16,"minecraft:sugar_cane":1,"minecraft:fern":8},"minecraft:killed":{"minecraft:sheep":7},"minecraft:picked_up":{"minecraft:cocoa_beans":3,"minecraft:stick":10,"minecraft:jungle_log":13,"minecraft:oak_log":29,"minecraft:dirt":1,"minecraft:apple":1,"minecraft:wheat_seeds":3,"minecraft:gray_wool":1,"minecraft:jungle_sapling":3,"minecraft:oak_sapling":15,"minecraft:sugar_cane":2,"minecraft:black_wool":1,"minecraft:mutton":11,"minecraft:white_wool":5,"minecraft:cobblestone":16},"minecraft:crafted":{"minecraft:oak_planks":12,"minecraft:charcoal":3,"minecraft:crafting_table":2,"minecraft:stick":4,"minecraft:wooden_pickaxe":1,"minecraft:wooden_axe":1,"minecraft:stone_sword":1,"minecraft:furnace":1,"minecraft:white_bed":1,"minecraft:stone_axe":1,"minecraft:cooked_mutton":11,"minecraft:air":0,"minecraft:jungle_planks":36},"minecraft:custom":{"minecraft:time_since_rest":5873,"minecraft:interact_with_furnace":6,"minecraft:sprint_one_cm":29510,"minecraft:damage_taken":100,"minecraft:walk_one_cm":47976,"minecraft:mob_kills":7,"minecraft:damage_dealt":560,"minecraft:interact_with_crafting_table":7,"minecraft:fly_one_cm":76504,"minecraft:crouch_one_cm":3290,"minecraft:play_time":15661,"minecraft:sneak_time":672,"minecraft:jump":219,"minecraft:leave_game":1,"minecraft:time_since_death":15661,"minecraft:sleep_in_bed":1,"minecraft:total_world_time":15661,"minecraft:climb_one_cm":290,"minecraft:fall_one_cm":5921},"minecraft:used":{"minecraft:cooked_mutton":3,"minecraft:wooden_axe":25,"minecraft:wooden_pickaxe":16,"minecraft:stone_axe":25,"minecraft:crafting_table":2,"minecraft:furnace":1,"minecraft:white_bed":1,"alexsmobs:animal_dictionary":1}},"DataVersion":3465}