{"stats":{"minecraft:picked_up":{"minecraft:stick":4,"minecraft:oak_log":4,"minecraft:oak_sapling":2,"minecraft:dirt":3,"minecraft:cobblestone":23},"minecraft:crafted":{"minecraft:stick":4,"minecraft:air":19},"minecraft:mined":{"minecraft:grass_block":8,"minecraft:oak_log":4,"minecraft:dirt":3,"minecraft:cobblestone":1,"minecraft:stone":23,"minecraft:birch_leaves":4,"minecraft:oak_leaves":3},"minecraft:custom":{"minecraft:time_since_rest":29304,"minecraft:crouch_one_cm":2094,"minecraft:play_time":29304,"minecraft:sprint_one_cm":9427,"minecraft:damage_taken":20,"minecraft:walk_one_cm":20360,"minecraft:sneak_time":989,"minecraft:jump":162,"minecraft:damage_dealt":100,"minecraft:walk_on_water_one_cm":143,"minecraft:time_since_death":29304,"minecraft:total_world_time":29304,"minecraft:talked_to_villager":1,"minecraft:fall_one_cm":4137,"minecraft:interact_with_crafting_table":4,"minecraft:fly_one_cm":21000},"minecraft:killed":{"minecraft:drowned":1},"minecraft:used":{"easy_villagers:villager":1,"minecraft:villager_spawn_egg":1,"minecraft:crafting_table":1,"minecraft:stone_pickaxe":23,"minecraft:wooden_pickaxe":6}},"DataVersion":2975}