{"stats":{"minecraft:picked_up":{"minecraft:stick":4,"minecraft:oak_log":4,"minecraft:dirt":3,"minecraft:diamond":1,"minecraft:gold_nugget":115,"minecraft:iron_nugget":272,"minecraft:gold_ingot":64,"minecraft:emerald":19,"minecraft:oak_sapling":2,"minecraft:cobblestone":23},"minecraft:crafted":{"minecraft:stick":4,"minecraft:air":19},"minecraft:mined":{"minecraft:birch_leaves":4,"minecraft:grass_block":8,"minecraft:oak_log":4,"minecraft:dirt":3,"minecraft:cobblestone":1,"minecraft:stone":23,"minecraft:oak_leaves":3},"minecraft:custom":{"minecraft:time_since_rest":41304,"minecraft:sprint_one_cm":18741,"minecraft:walk_one_cm":28755,"minecraft:damage_taken":20,"minecraft:damage_dealt":110,"minecraft:interact_with_crafting_table":4,"minecraft:talked_to_villager":1,"minecraft:fly_one_cm":158659,"minecraft:open_chest":4,"minecraft:crouch_one_cm":3725,"minecraft:play_time":41304,"minecraft:sneak_time":1535,"minecraft:jump":326,"minecraft:time_since_death":41304,"minecraft:walk_on_water_one_cm":143,"minecraft:total_world_time":41304,"minecraft:fall_one_cm":4137},"minecraft:killed":{"minecraft:drowned":1},"minecraft:used":{"easy_villagers:villager":2,"the_vault:boots":1,"minecraft:villager_spawn_egg":1,"the_vault:leggings":1,"minecraft:stone_pickaxe":23,"the_vault:helmet":1,"mekanism:personal_chest":3,"ae2:smooth_sky_stone_chest":3,"minecraft:wooden_pickaxe":6,"easy_villagers:iron_farm":1,"quark:dark_oak_chest":2,"minecraft:crafting_table":1,"mcwbridges:crimson_log_bridge_middle":15,"easy_villagers:converter":1}},"DataVersion":2975}