{"stats":{"minecraft:picked_up":{"minecraft:sand":5,"minecraft:rotten_flesh":8,"minecraft:dirt":2},"minecraft:mined":{"minecraft:tall_grass":1,"minecraft:grass":8,"biomesoplenty:high_grass":1,"minecraft:grass_block":3,"minecraft:sand":5,"biomesoplenty:high_grass_plant":6},"minecraft:custom":{"minecraft:jump":47,"minecraft:time_since_rest":21763,"minecraft:crouch_one_cm":61,"minecraft:sprint_one_cm":4482,"minecraft:deaths":1,"minecraft:play_time":29776,"minecraft:damage_taken":270,"minecraft:time_since_death":8774,"minecraft:walk_one_cm":4814,"minecraft:sneak_time":32,"minecraft:total_world_time":29776,"minecraft:fall_one_cm":1103,"minecraft:fly_one_cm":82062},"minecraft:killed_by":{"antlers:wendigo":1}},"DataVersion":3465}