{"stats":{"minecraft:mined":{"minecraft:glass_pane":3,"regions_unexplored:maple_log":1,"iceandfire:copper_pile":2,"minecraft:sea_lantern":1,"minecraft:crafting_table":1,"minecraft:grass_block":2,"minecraft:copper_ore":1,"minecraft:spruce_leaves":1,"regions_unexplored:mossy_stone":2,"minecraft:white_carpet":15,"treechop:chopped_log":3,"minecraft:pumpkin":11,"minecraft:grass":2,"iceandfire:silver_pile":3,"iceandfire:gold_pile":3,"minecraft:dirt_path":1,"minecraft:vine":2,"minecraft:dirt":1,"regions_unexplored:medium_grass":3,"minecraft:stone":12},"minecraft:killed":{"eternal_tales:interdimensional_zombie":8,"iceandfire:ghost":1,"eternal_tales:interdimensionipyre":2},"minecraft:picked_up":{"minecraft:crafting_table":2,"minecraft:leather_chestplate":1,"minecraft:leather_leggings":1,"minecraft:wooden_pickaxe":1,"regions_unexplored:maple_planks":32,"mca:book_romance":1,"eternal_tales:blue_rose":2,"minecraft:cornflower":8,"minecraft:dirt":8,"minecraft:raw_copper":8,"minecraft:leather_boots":1,"minecraft:apple":19,"minecraft:wheat_seeds":4,"minecraft:gold_nugget":18,"minecraft:iron_ingot":2,"eternal_tales:paeonia_et":2,"minecraft:stone_pickaxe":1,"minecraft:poppy":7,"eternal_tales:starter_kit":1,"minecraft:stick":46,"minecraft:oak_door":2,"minecraft:pumpkin":18,"minecraft:torch":2,"minecraft:dandelion":2,"minecraft:spruce_sapling":8,"minecraft:spruce_log":28,"minecraft:redstone":3,"minecraft:mossy_cobblestone":2,"alexsmobs:animal_dictionary":1,"minecraft:leather_helmet":1,"eternal_tales:totem_of_eternal_darkness":1,"minecraft:stone_sword":1,"minecraft:stone_shovel":1,"regions_unexplored:maple_sapling":10,"minecraft:stone_axe":1,"eternal_tales:anthurium":2,"eternal_tales:journal":1,"regions_unexplored:maple_log":10,"minecraft:bread":8,"minecraft:emerald":3,"minecraft:baked_potato":25,"minecraft:cobblestone":21,"minecraft:oxeye_daisy":2},"minecraft:custom":{"minecraft:interact_with_furnace":4,"minecraft:mob_kills":11,"minecraft:interact_with_crafting_table":2,"minecraft:interact_with_stonecutter":1,"minecraft:time_since_death":9192,"minecraft:sleep_in_bed":1,"minecraft:time_since_rest":9217,"minecraft:sprint_one_cm":60835,"minecraft:damage_taken":814,"minecraft:walk_one_cm":54240,"minecraft:damage_blocked_by_shield":150,"minecraft:damage_dealt":1937,"minecraft:swim_one_cm":5853,"minecraft:fly_one_cm":76270,"minecraft:open_chest":10,"minecraft:crouch_one_cm":2612,"minecraft:play_time":29576,"minecraft:deaths":1,"minecraft:sneak_time":1471,"minecraft:walk_under_water_one_cm":3076,"minecraft:jump":317,"minecraft:walk_on_water_one_cm":2079,"minecraft:total_world_time":29576,"minecraft:fall_one_cm":10270},"minecraft:killed_by":{"minecraft:player":1},"minecraft:crafted":{"minecraft:crafting_table":1,"regions_unexplored:maple_planks":40,"minecraft:shield":1,"minecraft:stick":8,"minecraft:stone_pickaxe":1},"minecraft:used":{"minecraft:stone_sword":68,"minecraft:stone_pickaxe":10,"minecraft:baked_potato":3,"minecraft:shield":9,"minecraft:wooden_pickaxe":8,"minecraft:leather_boots":1,"minecraft:crafting_table":1,"minecraft:bread":7,"eternal_tales:starter_kit":1,"minecraft:stone_axe":41,"minecraft:pumpkin":4}},"DataVersion":3465}