{"stats":{"minecraft:killed":{"minecraft:spider":1,"minecraft:sheep":3,"alexsmobs:blue_jay":2,"minecraft:zombie":1},"minecraft:mined":{"iceandfire:silver_ore":11,"minecraft:crafting_table":1,"minecraft:sugar_cane":3,"minecraft:iron_ore":2,"regions_unexplored:mossy_stone":1,"treechop:chopped_log":1,"minecraft:coal_ore":19,"eternal_tales:chlorine_ore":4,"minecraft:stone":24,"minecraft:orange_bed":1},"minecraft:dropped":{"minecraft:oak_door":2,"minecraft:stone_hoe":1,"minecraft:wheat_seeds":3,"minecraft:baked_potato":6,"minecraft:feather":1,"eternal_tales:paeonia_et":1,"regions_unexplored:maple_sapling":7,"eternal_tales:anthurium":1,"minecraft:azure_bluet":7,"minecraft:stick":8,"minecraft:oxeye_daisy":1,"minecraft:poppy":2,"eternal_tales:brown_rose":1,"minecraft:wooden_hoe":3,"minecraft:torch":1,"minecraft:cornflower":1,"minecraft:wooden_pickaxe":1,"minecraft:dandelion":7},"minecraft:picked_up":{"minecraft:crafting_table":2,"minecraft:leather_chestplate":1,"minecraft:azure_bluet":7,"minecraft:feather":1,"minecraft:leather_leggings":1,"minecraft:wooden_hoe":3,"minecraft:cornflower":1,"minecraft:string":4,"minecraft:lantern":1,"minecraft:leather_boots":1,"minecraft:apple":4,"minecraft:wheat_seeds":3,"eternal_tales:paeonia_et":1,"eternal_tales:brown_rose":1,"minecraft:stone_pickaxe":1,"minecraft:poppy":2,"minecraft:sugar_cane":4,"minecraft:stone_hoe":1,"eternal_tales:starter_kit":1,"minecraft:stick":12,"minecraft:raw_iron":4,"minecraft:oak_door":2,"minecraft:green_bed":2,"minecraft:torch":5,"minecraft:dandelion":7,"minecraft:leather_helmet":1,"alexsmobs:animal_dictionary":1,"minecraft:mossy_cobblestone":2,"minecraft:orange_bed":3,"eternal_tales:totem_of_eternal_darkness":1,"minecraft:stone_sword":1,"minecraft:stone_shovel":1,"regions_unexplored:maple_sapling":7,"minecraft:stone_axe":1,"eternal_tales:anthurium":1,"eternal_tales:journal":1,"regions_unexplored:maple_log":33,"minecraft:baked_potato":16,"minecraft:mutton":6,"minecraft:coal":38,"eternal_tales:raw_chlorine":18,"iceandfire:raw_silver":22,"minecraft:white_wool":6,"minecraft:cobblestone":32,"minecraft:oxeye_daisy":1},"minecraft:custom":{"minecraft:mob_kills":7,"minecraft:interact_with_crafting_table":3,"minecraft:time_since_death":1100,"minecraft:sleep_in_bed":1,"minecraft:time_since_rest":1136,"minecraft:sprint_one_cm":54663,"minecraft:damage_taken":702,"minecraft:walk_one_cm":28042,"minecraft:drop":30,"minecraft:damage_dealt":709,"minecraft:swim_one_cm":37593,"minecraft:fly_one_cm":37731,"minecraft:open_chest":1,"minecraft:crouch_one_cm":4002,"minecraft:play_time":17920,"minecraft:deaths":1,"minecraft:sneak_time":3208,"minecraft:walk_under_water_one_cm":6569,"minecraft:jump":196,"minecraft:walk_on_water_one_cm":4411,"minecraft:total_world_time":17920,"minecraft:fall_one_cm":2849},"minecraft:killed_by":{"enemyexpansion:goblin":1},"minecraft:crafted":{"minecraft:crafting_table":1,"regions_unexplored:maple_planks":4,"minecraft:stone_pickaxe":1},"minecraft:used":{"minecraft:stone_sword":10,"minecraft:stone_pickaxe":59,"minecraft:baked_potato":8,"minecraft:wooden_pickaxe":3,"minecraft:orange_bed":1,"minecraft:crafting_table":1,"minecraft:lantern":1,"eternal_tales:starter_kit":1,"minecraft:stone_axe":16,"minecraft:cobblestone":7}},"DataVersion":3465}