{"stats":{"minecraft:mined":{"iceandfire:silver_ore":11,"minecraft:crafting_table":1,"minecraft:tall_grass":1,"minecraft:sugar_cane":3,"minecraft:hay_block":11,"regions_unexplored:stone_bud":1,"minecraft:iron_ore":2,"regions_unexplored:mossy_stone":1,"treechop:chopped_log":1,"minecraft:grass":1,"minecraft:coal_ore":20,"minecraft:cobweb":1,"eternal_tales:chlorine_ore":4,"minecraft:stone":24,"minecraft:orange_bed":1},"minecraft:killed":{"eternal_tales:interdimensional_zombie":12,"minecraft:spider":1,"minecraft:sheep":3,"alexsmobs:blue_jay":2,"minecraft:zombie":1,"eternal_tales:interdimensionipyre":2,"eternal_tales:dimensioner":6},"minecraft:dropped":{"minecraft:oak_door":2,"minecraft:stone_hoe":1,"minecraft:wheat_seeds":3,"minecraft:baked_potato":6,"minecraft:feather":1,"eternal_tales:paeonia_et":1,"regions_unexplored:maple_sapling":7,"eternal_tales:anthurium":1,"minecraft:azure_bluet":7,"minecraft:stick":8,"minecraft:oxeye_daisy":1,"minecraft:poppy":2,"eternal_tales:brown_rose":1,"minecraft:shield":2,"minecraft:wooden_hoe":3,"minecraft:torch":1,"minecraft:cornflower":1,"minecraft:leather_leggings":1,"minecraft:wooden_pickaxe":1,"minecraft:dandelion":7},"minecraft:picked_up":{"minecraft:crafting_table":2,"minecraft:leather_chestplate":1,"minecraft:azure_bluet":7,"minecraft:feather":1,"minecraft:leather_leggings":2,"minecraft:wooden_hoe":3,"minecraft:cornflower":1,"minecraft:string":5,"minecraft:lantern":1,"minecraft:leather_boots":1,"minecraft:apple":4,"minecraft:wheat_seeds":3,"eternal_tales:paeonia_et":1,"eternal_tales:brown_rose":1,"minecraft:stone_pickaxe":1,"minecraft:poppy":2,"minecraft:sugar_cane":4,"minecraft:stone_hoe":1,"eternal_tales:starter_kit":1,"minecraft:stick":12,"minecraft:raw_iron":4,"minecraft:oak_door":2,"minecraft:green_bed":2,"minecraft:torch":5,"minecraft:dandelion":7,"minecraft:leather_helmet":1,"alexsmobs:animal_dictionary":1,"minecraft:mossy_cobblestone":4,"minecraft:orange_bed":3,"eternal_tales:totem_of_eternal_darkness":1,"minecraft:stone_sword":1,"minecraft:stone_shovel":1,"regions_unexplored:maple_sapling":7,"minecraft:stone_axe":1,"minecraft:hay_block":11,"eternal_tales:anthurium":1,"eternal_tales:journal":1,"regions_unexplored:maple_log":33,"minecraft:baked_potato":16,"minecraft:mutton":6,"minecraft:coal":39,"eternal_tales:raw_chlorine":18,"iceandfire:raw_silver":22,"minecraft:white_wool":6,"minecraft:cobblestone":32,"minecraft:oxeye_daisy":1},"minecraft:custom":{"minecraft:interact_with_furnace":7,"minecraft:mob_kills":27,"minecraft:interact_with_crafting_table":10,"minecraft:time_since_death":13100,"minecraft:sleep_in_bed":1,"minecraft:climb_one_cm":1428,"minecraft:time_since_rest":13136,"minecraft:sprint_one_cm":77470,"minecraft:damage_taken":1201,"minecraft:walk_one_cm":46315,"minecraft:damage_blocked_by_shield":25,"minecraft:drop":33,"minecraft:damage_dealt":6719,"minecraft:swim_one_cm":42811,"minecraft:fly_one_cm":54348,"minecraft:open_chest":4,"minecraft:crouch_one_cm":7973,"minecraft:play_time":29920,"minecraft:deaths":1,"minecraft:sneak_time":6159,"minecraft:walk_under_water_one_cm":9169,"minecraft:jump":324,"minecraft:walk_on_water_one_cm":10345,"minecraft:total_world_time":29920,"minecraft:fall_one_cm":5305},"minecraft:killed_by":{"enemyexpansion:goblin":1},"minecraft:crafted":{"minecraft:crafting_table":2,"regions_unexplored:maple_planks":40,"minecraft:iron_sword":1,"minecraft:furnace":1,"minecraft:bread":33,"minecraft:cooked_mutton":3,"minecraft:air":0,"minecraft:shield":3,"minecraft:iron_ingot":2,"minecraft:stone_pickaxe":1,"minecraft:chest":1,"minecraft:wheat":99},"minecraft:used":{"minecraft:cooked_mutton":3,"minecraft:leather_leggings":1,"minecraft:stone_sword":14,"minecraft:stone_pickaxe":61,"minecraft:baked_potato":9,"minecraft:shield":1,"minecraft:chest":1,"minecraft:wooden_pickaxe":3,"minecraft:iron_sword":105,"minecraft:orange_bed":2,"minecraft:mossy_cobblestone":1,"minecraft:crafting_table":3,"minecraft:apple":3,"minecraft:lantern":1,"minecraft:bread":3,"eternal_tales:starter_kit":1,"minecraft:stone_axe":16,"minecraft:cobblestone":10,"minecraft:furnace":1}},"DataVersion":3465}