{"stats":{"minecraft:picked_up":{"born_in_chaos_v1:corpse_maggot":4,"minecraft:crafting_table":4,"born_in_chaos_v1:seedof_chaos":1,"minecraft:oak_log":6,"minecraft:dirt":26,"minecraft:iron_ingot":1,"minecraft:echo_shard":4,"minecraft:stone_pickaxe":1,"minecraft:cobweb":6,"minecraft:oak_planks":10,"cctvcraft:raw_aluminum":6,"deep_dark_regrowth:soul_of_the_depths":2,"minecraft:stick":6,"minecraft:raw_iron":6,"deep_dark_regrowth:plasma_chunk":9,"minecraft:copper_ingot":1,"minecraft:torch":11,"born_in_chaos_v1:ethereal_spirit":1,"deep_dark_regrowth:heart_goo":1,"born_in_chaos_v1:pieceofdarkmetal":1,"deep_dark_regrowth:dungeon":1,"minecraft:rotten_flesh":15,"deep_dark_regrowth:etherium_gem":5,"minecraft:diamond":18,"minecraft:stone_axe":1,"minecraft:bone_meal":10,"minecraft:totem_of_undying":1,"deep_dark_regrowth:unbreakability_seal":2,"born_in_chaos_v1:spiny_shell":3,"minecraft:gold_ingot":3,"biomesoplenty:pink_daffodil":1,"minecraft:oak_sapling":1,"undead_revamp2:arapholia":2,"minecraft:coal":15,"minecraft:bone_block":1,"minecraft:cobblestone":63},"minecraft:mined":{"minecraft:crafting_table":3,"cctvcraft:aluminum_ore":4,"minecraft:grass_block":13,"biomesoplenty:high_grass_plant":1,"minecraft:cobblestone":9,"minecraft:iron_ore":4,"minecraft:grass":2,"biomesoplenty:high_grass":2,"minecraft:oak_log":6,"minecraft:coal_ore":9,"minecraft:dirt":2,"minecraft:stone":42,"minecraft:oak_leaves":14},"minecraft:dropped":{"biomesoplenty:pink_daffodil":1,"minecraft:oak_sapling":1,"minecraft:wooden_pickaxe":1},"minecraft:custom":{"minecraft:mob_kills":21,"minecraft:interact_with_crafting_table":3,"minecraft:damage_dealt_resisted":42,"minecraft:leave_game":2,"minecraft:time_since_death":13889,"minecraft:time_since_rest":13931,"minecraft:sprint_one_cm":35871,"minecraft:damage_taken":330,"minecraft:walk_one_cm":38791,"minecraft:drop":3,"minecraft:damage_dealt":10462,"minecraft:fly_one_cm":200044,"minecraft:crouch_one_cm":16794,"minecraft:play_time":36962,"minecraft:deaths":1,"minecraft:sneak_time":10202,"minecraft:jump":323,"minecraft:walk_on_water_one_cm":200,"minecraft:total_world_time":36962,"minecraft:fall_one_cm":5565},"minecraft:crafted":{"minecraft:oak_planks":24,"minecraft:crafting_table":1,"minecraft:wooden_pickaxe":1,"minecraft:stone_axe":1,"minecraft:stick":8,"minecraft:stone_pickaxe":1,"minecraft:wooden_axe":1,"minecraft:torch":12},"minecraft:used":{"minecraft:netherite_sword":81,"bwrtherain:valem_spawn_egg":4,"minecraft:stone_pickaxe":32,"minecraft:wooden_pickaxe":37,"minecraft:rotten_flesh":2,"minecraft:torch":45,"endofherobrine:rabbit_spawn_egg":1,"minecraft:dirt":4,"minecraft:crafting_table":3,"bwrtherain:vapor_spawn_egg":2,"endofherobrine:lurker_spawn_egg":1,"born_in_chaos_v1:corpse_maggot":4,"minecraft:wooden_axe":35,"the_knocker:knocker_spawn_egg":1,"arphex:ant_arsonist_spawn_egg":1,"minecraft:stone_axe":25,"minecraft:potion":1,"minecraft:cobblestone":16,"endofherobrine:zombie_villager_spawn_egg":1,"deep_dark_regrowth:replicate_spawn_egg":1,"deep_dark_regrowth:vault_chest_spawn_egg":1},"minecraft:broken":{"minecraft:wooden_axe":1},"minecraft:killed":{"born_in_chaos_v1:spiritof_chaos":1,"undead_revamp2:theimmortal":6,"undead_revamp2:thegliter":1,"deep_dark_regrowth:vault_chest":1,"undead_revamp2:the_moonflower":1,"bwrtherain:rosemary":1,"undead_revamp2:thesmoker":1,"born_in_chaos_v1:thornshell_crab":1,"born_in_chaos_v1:zombie_bruiser":1,"born_in_chaos_v1:maggot":2,"born_in_chaos_v1:corpse_fly":4,"undead_revamp2:therod":1},"minecraft:killed_by":{"born_in_chaos_v1:corpse_fly":1}},"DataVersion":3465}