{"stats":{"minecraft:picked_up":{"minecraft:stick":3,"minecraft:crafting_table":2,"minecraft:oak_log":6,"minecraft:dirt":15,"biomesoplenty:pink_daffodil":1,"minecraft:oak_sapling":1,"minecraft:coal":9,"minecraft:cobblestone":18},"minecraft:mined":{"minecraft:crafting_table":2,"minecraft:grass":2,"minecraft:oak_log":6,"minecraft:grass_block":13,"minecraft:coal_ore":9,"biomesoplenty:high_grass":2,"minecraft:dirt":2,"biomesoplenty:high_grass_plant":1,"minecraft:cobblestone":7,"minecraft:stone":14,"minecraft:oak_leaves":14},"minecraft:dropped":{"biomesoplenty:pink_daffodil":1,"minecraft:oak_sapling":1},"minecraft:crafted":{"minecraft:oak_planks":24,"minecraft:crafting_table":1,"minecraft:stick":4,"minecraft:wooden_pickaxe":1,"minecraft:wooden_axe":1,"minecraft:torch":12},"minecraft:used":{"minecraft:wooden_axe":24,"minecraft:wooden_pickaxe":30,"minecraft:torch":2,"minecraft:dirt":4,"minecraft:cobblestone":14,"minecraft:crafting_table":2},"minecraft:custom":{"minecraft:time_since_rest":17420,"minecraft:sprint_one_cm":10441,"minecraft:damage_taken":35,"minecraft:walk_one_cm":9326,"minecraft:mob_kills":2,"minecraft:drop":2,"minecraft:damage_dealt":533,"minecraft:interact_with_crafting_table":2,"minecraft:fly_one_cm":16923,"minecraft:crouch_one_cm":9440,"minecraft:play_time":17420,"minecraft:sneak_time":7061,"minecraft:jump":105,"minecraft:damage_dealt_resisted":42,"minecraft:time_since_death":17420,"minecraft:total_world_time":17420,"minecraft:fall_one_cm":2533},"minecraft:killed":{"undead_revamp2:theimmortal":1,"undead_revamp2:the_moonflower":1}},"DataVersion":3465}