{"stats":{"minecraft:picked_up":{"minecraft:birch_log":4,"minecraft:stick":4,"minecraft:salmon":1,"minecraft:wooden_pickaxe":1,"minecraft:sand":2,"minecraft:oak_log":12,"minecraft:dirt":4,"minecraft:diamond":2,"minecraft:apple":1,"minecraft:rotten_flesh":3,"minecraft:gold_nugget":309,"minecraft:totem_of_undying":1,"minecraft:emerald":48,"minecraft:gold_ingot":173,"minecraft:iron_nugget":596,"minecraft:oak_sapling":1,"minecraft:cobblestone":51},"minecraft:crafted":{"minecraft:stick":4,"minecraft:air":19},"minecraft:mined":{"minecraft:birch_log":4,"minecraft:birch_leaves":3,"minecraft:oak_log":12,"minecraft:sand":2,"minecraft:cobblestone":2,"minecraft:stone":48},"minecraft:custom":{"minecraft:time_since_rest":19693,"minecraft:sprint_one_cm":9271,"minecraft:walk_one_cm":34603,"minecraft:damage_taken":335,"minecraft:mob_kills":5,"minecraft:drop":5,"minecraft:damage_dealt":650,"minecraft:talked_to_villager":1,"minecraft:swim_one_cm":5429,"minecraft:interact_with_crafting_table":5,"minecraft:fly_one_cm":139836,"minecraft:open_chest":3,"minecraft:crouch_one_cm":3604,"minecraft:play_time":34138,"minecraft:deaths":1,"minecraft:walk_under_water_one_cm":2765,"minecraft:sneak_time":2447,"minecraft:jump":216,"minecraft:walk_on_water_one_cm":3580,"minecraft:time_since_death":19657,"minecraft:total_world_time":34138,"minecraft:fall_one_cm":2862},"minecraft:killed":{"minecraft:salmon":1,"minecraft:drowned":2,"minecraft:cow":1},"minecraft:used":{"rottencreatures:treasure_chest":16,"minecraft:wooden_axe":21,"easy_villagers:villager":4,"thermal:dynamo_gourmand":1,"minecraft:wooden_pickaxe":52,"minecraft:salmon":1,"minecraft:dirt":1,"minecraft:sand":1,"minecraft:cobblestone":3,"minecraft:crafting_table":1},"minecraft:killed_by":{"minecraft:drowned":1},"minecraft:dropped":{"minecraft:dirt":3,"minecraft:oak_sapling":1,"minecraft:sand":1,"minecraft:wooden_pickaxe":1,"minecraft:stick":2}},"DataVersion":2975}