{"stats":{"minecraft:killed":{"alexsmobs:blue_jay":2},"minecraft:dropped":{"minecraft:oak_door":2,"minecraft:oxeye_daisy":1,"minecraft:stone_hoe":1,"minecraft:poppy":2,"eternal_tales:brown_rose":1,"minecraft:wheat_seeds":2,"minecraft:baked_potato":6,"minecraft:torch":1,"minecraft:wooden_hoe":3,"minecraft:cornflower":1,"minecraft:feather":1,"eternal_tales:paeonia_et":1,"eternal_tales:anthurium":1,"minecraft:azure_bluet":4,"minecraft:dandelion":4,"minecraft:stick":5},"minecraft:picked_up":{"minecraft:stick":5,"minecraft:feather":1,"minecraft:azure_bluet":4,"minecraft:oak_door":2,"minecraft:torch":2,"minecraft:dandelion":4,"minecraft:green_bed":1,"minecraft:cornflower":1,"minecraft:wooden_hoe":3,"minecraft:lantern":1,"minecraft:wheat_seeds":2,"eternal_tales:anthurium":1,"eternal_tales:paeonia_et":1,"eternal_tales:brown_rose":1,"minecraft:poppy":2,"minecraft:baked_potato":14,"minecraft:stone_hoe":1,"eternal_tales:starter_kit":1,"minecraft:oxeye_daisy":1},"minecraft:custom":{"minecraft:time_since_rest":5920,"minecraft:sprint_one_cm":17405,"minecraft:damage_taken":21,"minecraft:walk_one_cm":9642,"minecraft:mob_kills":2,"minecraft:drop":24,"minecraft:damage_dealt":210,"minecraft:fly_one_cm":6217,"minecraft:open_chest":1,"minecraft:crouch_one_cm":1572,"minecraft:play_time":5920,"minecraft:sneak_time":459,"minecraft:jump":29,"minecraft:time_since_death":5920,"minecraft:total_world_time":5920,"minecraft:fall_one_cm":627},"minecraft:used":{"minecraft:stone_sword":4,"minecraft:lantern":1,"minecraft:baked_potato":2,"eternal_tales:starter_kit":1}},"DataVersion":3465}