{"stats":{"minecraft:picked_up":{"minecraft:birch_log":4,"minecraft:rotten_flesh":2,"minecraft:salmon":1,"minecraft:dirt":1},"minecraft:crafted":{"minecraft:stick":4,"minecraft:air":18},"minecraft:mined":{"minecraft:birch_log":4,"minecraft:birch_leaves":3},"minecraft:custom":{"minecraft:time_since_rest":10138,"minecraft:crouch_one_cm":711,"minecraft:play_time":10138,"minecraft:sprint_one_cm":2760,"minecraft:damage_taken":25,"minecraft:walk_one_cm":5695,"minecraft:sneak_time":470,"minecraft:walk_under_water_one_cm":1400,"minecraft:mob_kills":3,"minecraft:jump":63,"minecraft:damage_dealt":430,"minecraft:time_since_death":10138,"minecraft:walk_on_water_one_cm":1945,"minecraft:total_world_time":10138,"minecraft:interact_with_crafting_table":4,"minecraft:swim_one_cm":5041,"minecraft:fall_one_cm":476,"minecraft:fly_one_cm":8059},"minecraft:killed":{"minecraft:drowned":2,"minecraft:salmon":1},"minecraft:used":{"minecraft:wooden_axe":5,"minecraft:crafting_table":1}},"DataVersion":2975}