{"stats":{"minecraft:picked_up":{"iceandfire:dragon_skull_lightning":1,"minecraft:iron_chestplate":1,"minecraft:crafting_table":8,"minecraft:smithing_table":1,"minecraft:wooden_pickaxe":1,"minecraft:gold_block":1,"minecraft:wither_rose":2,"minecraft:enchanted_book":1,"minecraft:shield":1,"minecraft:amethyst_block":7,"minecraft:string":2,"iceandfire:myrmex_desert_biolight":3,"minecraft:raw_copper":42,"minecraft:iron_axe":1,"iceandfire:graveyard_soil":1,"iceandfire:bestiary":2,"minecraft:spruce_planks":31,"iceandfire:myrmex_desert_resin":1,"minecraft:calcite":4,"minecraft:poppy":4,"minecraft:iron_pickaxe":1,"iceandfire:podium_acacia":1,"minecraft:iron_boots":1,"minecraft:furnace":4,"minecraft:dark_oak_sapling":3,"minecraft:raw_iron":3,"minecraft:stick":3,"iceandfire:dragonbone":18,"minecraft:torch":3,"minecraft:porkchop":9,"epicfight:skillbook":3,"iceandfire:myrmex_resin_desert":6,"minecraft:diorite":45,"minecraft:carrot":1,"minecraft:orange_bed":3,"minecraft:arrow":22,"minecraft:rotten_flesh":6,"minecraft:peony":2,"iceandfire:deathworm_chitin_yellow":3,"minecraft:hay_block":20,"iceandfire:myrmex_desert_chitin":2,"minecraft:saddle":1,"iceandfire:myrmex_resin_sticky_desert":1,"minecraft:mutton":8,"minecraft:cobblestone":460,"minecraft:iron_bars":14,"minecraft:white_wool":4,"minecraft:water_bucket":1,"minecraft:andesite":39,"minecraft:red_mushroom":5,"minecraft:oak_log":4,"iceandfire:pixie_jar_1":1,"minecraft:paper":9,"minecraft:cooked_mutton":8,"minecraft:bone":7,"minecraft:apple":1,"iceandfire:pixie_jar_empty":2,"minecraft:wheat_seeds":20,"minecraft:iron_ingot":23,"minecraft:iron_sword":1,"iceandfire:copper_nugget":46,"minecraft:smooth_basalt":2,"minecraft:spruce_sapling":2,"minecraft:blast_furnace":2,"minecraft:spruce_log":13,"alexsmobs:animal_dictionary":1,"minecraft:dark_oak_log":13,"minecraft:spider_eye":2,"minecraft:blue_terracotta":1,"iceandfire:desert_myrmex_cocoon":1,"minecraft:spruce_boat":7,"minecraft:crossbow":1,"minecraft:granite":21,"minecraft:bread":47,"minecraft:emerald":1,"alexsmobs:maggot":2,"minecraft:jack_o_lantern":1,"minecraft:black_wool":1,"minecraft:coal":29,"iceandfire:raw_silver":3,"minecraft:ender_pearl":4},"minecraft:broken":{"minecraft:iron_pickaxe":1,"minecraft:wooden_axe":1},"minecraft:dropped":{"minecraft:wheat_seeds":28,"minecraft:dark_oak_sapling":3,"minecraft:amethyst_block":7,"minecraft:granite":2,"iceandfire:myrmex_resin_sticky_desert":1,"minecraft:diorite":26,"iceandfire:copper_nugget":1,"minecraft:torch":1,"minecraft:melon_slice":5,"minecraft:string":2,"minecraft:spruce_sapling":2,"minecraft:smooth_basalt":2,"minecraft:blue_terracotta":1,"minecraft:stone_axe":1,"alexsmobs:animal_dictionary":1,"minecraft:wheat":1,"minecraft:rotten_flesh":3,"iceandfire:myrmex_resin_desert":6,"minecraft:poppy":4,"iceandfire:myrmex_desert_biolight":3,"minecraft:andesite":17,"minecraft:spider_eye":2,"minecraft:iron_bars":14,"minecraft:wooden_pickaxe":2,"minecraft:calcite":4,"epicfight:skillbook":1,"minecraft:black_wool":1},"minecraft:killed_by":{"minecraft:skeleton":1},"minecraft:custom":{"minecraft:mob_kills":49,"minecraft:interact_with_crafting_table":27,"minecraft:leave_game":2,"minecraft:time_since_death":51682,"minecraft:climb_one_cm":6388,"minecraft:sprint_one_cm":611317,"minecraft:walk_one_cm":480879,"minecraft:damage_blocked_by_shield":205,"minecraft:drop":40,"minecraft:talked_to_villager":2,"minecraft:play_time":124112,"minecraft:deaths":1,"minecraft:sneak_time":14081,"minecraft:walk_under_water_one_cm":879,"minecraft:jump":2368,"minecraft:interact_with_blast_furnace":4,"minecraft:walk_on_water_one_cm":7936,"minecraft:total_world_time":124112,"minecraft:interact_with_furnace":11,"minecraft:sleep_in_bed":2,"minecraft:time_since_rest":32464,"minecraft:damage_taken":2291,"minecraft:trigger_trapped_chest":2,"minecraft:damage_dealt":14423,"minecraft:swim_one_cm":14832,"minecraft:fly_one_cm":855130,"minecraft:open_chest":53,"minecraft:crouch_one_cm":63379,"minecraft:fall_one_cm":42693},"minecraft:killed":{"minecraft:spider":4,"alexsmobs:rattlesnake":1,"minecraft:skeleton":4,"iceandfire:deathworm":1,"iceandfire:myrmex_worker":4,"minecraft:pig":4,"minecraft:iron_golem":6,"alexsmobs:rhinoceros":1,"minecraft:creeper":1,"minecraft:sheep":4,"minecraft:pillager":4,"minecraft:zombie":6,"iceandfire:ghost":2,"alexsmobs:roadrunner":1,"minecraft:enderman":4},"minecraft:crafted":{"minecraft:oak_planks":16,"iceandfire:dragon_stick":1,"minecraft:furnace":3,"minecraft:cooked_mutton":8,"minecraft:iron_boots":1,"minecraft:iron_axe":1,"minecraft:spruce_boat":1,"minecraft:wheat":180,"minecraft:cooked_porkchop":9,"minecraft:crafting_table":2,"minecraft:spruce_planks":52,"minecraft:wooden_pickaxe":1,"minecraft:iron_sword":1,"minecraft:copper_ingot":5,"minecraft:stone_axe":1,"minecraft:bread":63,"minecraft:air":0,"minecraft:iron_chestplate":1,"minecraft:shield":1,"minecraft:stick":20,"minecraft:iron_ingot":1,"minecraft:iron_pickaxe":2,"minecraft:wooden_axe":1,"minecraft:gold_ingot":9,"minecraft:torch":20},"minecraft:mined":{"minecraft:spruce_planks":7,"iceandfire:graveyard_soil":6,"iceandfire:myrmex_resin_desert":6,"iceandfire:silver_ore":2,"iceandfire:copper_pile":5,"minecraft:dark_oak_log":6,"biomesoplenty:desert_grass":3,"minecraft:jack_o_lantern":1,"minecraft:granite":21,"biomesoplenty:bush":1,"iceandfire:myrmex_desert_biolight":3,"minecraft:hay_block":20,"minecraft:furnace":2,"minecraft:iron_ore":3,"minecraft:andesite":39,"treechop:chopped_log":2,"minecraft:peony":2,"minecraft:gold_block":1,"minecraft:vine":1,"minecraft:iron_bars":14,"minecraft:stone":304,"minecraft:orange_bed":2,"iceandfire:pixie_jar_empty":1,"minecraft:smithing_table":1,"minecraft:cut_sandstone":1,"minecraft:glass_pane":1,"minecraft:orange_terracotta":5,"iceandfire:myrmex_resin_sticky_desert":1,"iceandfire:podium_acacia":1,"minecraft:crafting_table":7,"minecraft:torch":1,"minecraft:blast_furnace":2,"minecraft:calcite":5,"minecraft:copper_ore":13,"minecraft:tall_grass":5,"minecraft:cobblestone":4,"minecraft:diorite":45,"minecraft:amethyst_block":7,"minecraft:blue_terracotta":1,"iceandfire:desert_myrmex_cocoon":1,"minecraft:wheat":1,"minecraft:wither_rose":2,"minecraft:grass":11,"minecraft:oak_log":4,"minecraft:coal_ore":14,"minecraft:dirt":4,"minecraft:smooth_basalt":2,"minecraft:fern":1},"minecraft:used":{"minecraft:peony":2,"iceandfire:desert_myrmex_cocoon":1,"minecraft:jack_o_lantern":1,"minecraft:spruce_planks":7,"minecraft:shield":5,"minecraft:iron_sword":146,"minecraft:orange_bed":1,"minecraft:torch":3,"minecraft:spruce_boat":6,"minecraft:wooden_axe":46,"minecraft:iron_axe":7,"minecraft:furnace":5,"minecraft:goat_horn":3,"iceandfire:pixie_jar_1":1,"epicfight:skillbook":1,"minecraft:diorite":1,"minecraft:wooden_pickaxe":28,"minecraft:crafting_table":8,"minecraft:blast_furnace":2,"minecraft:crossbow":3,"minecraft:dark_oak_log":2,"minecraft:bread":55,"minecraft:iron_pickaxe":470,"iceandfire:graveyard_soil":1,"minecraft:stone_axe":53,"minecraft:cobblestone":49,"minecraft:cooked_porkchop":2,"minecraft:bucket":1,"alexsmobs:animal_dictionary":1}},"DataVersion":3465}