{"stats":{"minecraft:picked_up":{"iceandfire:dragon_skull_lightning":1,"minecraft:crafting_table":5,"minecraft:smithing_table":1,"minecraft:wooden_pickaxe":1,"minecraft:oak_log":4,"minecraft:bone":3,"minecraft:apple":1,"iceandfire:pixie_jar_empty":1,"iceandfire:bestiary":1,"minecraft:wheat_seeds":16,"minecraft:spruce_planks":7,"minecraft:iron_ingot":16,"minecraft:poppy":4,"iceandfire:podium_acacia":1,"iceandfire:dragonbone":9,"minecraft:dark_oak_sapling":3,"minecraft:stick":3,"iceandfire:copper_nugget":46,"minecraft:torch":1,"minecraft:porkchop":9,"minecraft:spruce_sapling":2,"minecraft:blast_furnace":2,"minecraft:spruce_log":13,"minecraft:spider_eye":1,"alexsmobs:animal_dictionary":1,"minecraft:dark_oak_log":13,"minecraft:orange_bed":1,"minecraft:arrow":4,"minecraft:blue_terracotta":1,"minecraft:rotten_flesh":1,"minecraft:peony":2,"minecraft:hay_block":20,"minecraft:jack_o_lantern":1,"minecraft:black_wool":1,"minecraft:mutton":8,"minecraft:iron_bars":10,"minecraft:white_wool":4,"minecraft:cobblestone":27},"minecraft:broken":{"minecraft:wooden_axe":1},"minecraft:dropped":{"minecraft:blue_terracotta":1,"minecraft:stone_axe":1,"minecraft:wheat_seeds":28,"alexsmobs:animal_dictionary":1,"minecraft:dark_oak_sapling":3,"minecraft:wheat":1,"minecraft:rotten_flesh":1,"minecraft:poppy":4,"minecraft:torch":1,"iceandfire:copper_nugget":1,"minecraft:melon_slice":5,"minecraft:spider_eye":1,"minecraft:iron_bars":10,"minecraft:wooden_pickaxe":2,"minecraft:black_wool":1,"minecraft:spruce_sapling":2},"minecraft:custom":{"minecraft:interact_with_furnace":4,"minecraft:mob_kills":21,"minecraft:interact_with_crafting_table":19,"minecraft:leave_game":1,"minecraft:time_since_death":47905,"minecraft:sleep_in_bed":1,"minecraft:climb_one_cm":6272,"minecraft:time_since_rest":0,"minecraft:sprint_one_cm":239378,"minecraft:damage_taken":585,"minecraft:walk_one_cm":192411,"minecraft:drop":21,"minecraft:damage_dealt":6636,"minecraft:fly_one_cm":300637,"minecraft:open_chest":16,"minecraft:crouch_one_cm":14262,"minecraft:play_time":47905,"minecraft:sneak_time":2162,"minecraft:jump":773,"minecraft:interact_with_blast_furnace":1,"minecraft:walk_on_water_one_cm":951,"minecraft:total_world_time":47905,"minecraft:fall_one_cm":12310},"minecraft:killed":{"minecraft:pig":4,"minecraft:spider":1,"minecraft:iron_golem":4,"alexsmobs:rhinoceros":1,"minecraft:sheep":4,"minecraft:skeleton":1,"minecraft:pillager":4,"alexsmobs:roadrunner":1},"minecraft:crafted":{"minecraft:oak_planks":16,"minecraft:cooked_porkchop":6,"minecraft:crafting_table":1,"minecraft:spruce_planks":52,"minecraft:wooden_pickaxe":1,"iceandfire:dragon_stick":1,"minecraft:iron_sword":1,"minecraft:furnace":1,"minecraft:copper_ingot":5,"minecraft:stone_axe":1,"minecraft:bread":63,"minecraft:air":0,"minecraft:iron_chestplate":1,"minecraft:shield":1,"minecraft:iron_axe":1,"minecraft:stick":12,"minecraft:iron_ingot":1,"minecraft:iron_pickaxe":1,"minecraft:wooden_axe":1,"minecraft:wheat":180},"minecraft:mined":{"iceandfire:pixie_jar_empty":1,"minecraft:smithing_table":1,"minecraft:cut_sandstone":1,"minecraft:spruce_planks":7,"minecraft:glass_pane":1,"iceandfire:copper_pile":5,"minecraft:dark_oak_log":6,"biomesoplenty:desert_grass":2,"minecraft:jack_o_lantern":1,"iceandfire:podium_acacia":1,"minecraft:crafting_table":5,"minecraft:torch":1,"biomesoplenty:bush":1,"minecraft:blast_furnace":2,"minecraft:hay_block":20,"minecraft:blue_terracotta":1,"minecraft:wheat":1,"treechop:chopped_log":2,"minecraft:peony":2,"minecraft:grass":8,"minecraft:oak_log":4,"minecraft:vine":1,"minecraft:iron_bars":10,"minecraft:stone":27,"minecraft:orange_bed":1},"minecraft:used":{"minecraft:peony":2,"minecraft:jack_o_lantern":1,"minecraft:spruce_planks":7,"minecraft:wooden_pickaxe":28,"minecraft:iron_sword":19,"minecraft:orange_bed":1,"minecraft:crafting_table":6,"minecraft:blast_furnace":2,"minecraft:crossbow":1,"minecraft:wooden_axe":46,"minecraft:dark_oak_log":2,"minecraft:iron_axe":5,"minecraft:bread":18,"minecraft:iron_pickaxe":16,"minecraft:stone_axe":53,"minecraft:furnace":1,"minecraft:goat_horn":3,"alexsmobs:animal_dictionary":1}},"DataVersion":3465}