{"stats":{"minecraft:picked_up":{"minecraft:dark_oak_sapling":3,"minecraft:stick":3,"minecraft:crafting_table":2,"minecraft:spruce_sapling":2,"minecraft:oak_log":4,"minecraft:spruce_log":13,"minecraft:dark_oak_log":11,"alexsmobs:animal_dictionary":1,"minecraft:bone":2,"minecraft:arrow":2,"minecraft:rotten_flesh":1,"minecraft:apple":1,"minecraft:wheat_seeds":1,"minecraft:peony":2,"minecraft:hay_block":8,"minecraft:black_wool":1,"minecraft:mutton":4,"minecraft:white_wool":2},"minecraft:dropped":{"alexsmobs:animal_dictionary":1,"minecraft:dark_oak_sapling":3},"minecraft:custom":{"minecraft:time_since_rest":11905,"minecraft:sprint_one_cm":47823,"minecraft:damage_taken":350,"minecraft:walk_one_cm":78402,"minecraft:mob_kills":3,"minecraft:drop":2,"minecraft:damage_dealt":390,"minecraft:interact_with_crafting_table":4,"minecraft:fly_one_cm":52752,"minecraft:open_chest":1,"minecraft:crouch_one_cm":1843,"minecraft:play_time":11905,"minecraft:sneak_time":467,"minecraft:jump":172,"minecraft:leave_game":1,"minecraft:time_since_death":11905,"minecraft:climb_one_cm":5754,"minecraft:total_world_time":11905,"minecraft:fall_one_cm":3114},"minecraft:killed":{"minecraft:skeleton":1,"minecraft:sheep":2},"minecraft:crafted":{"minecraft:oak_planks":16,"minecraft:crafting_table":1,"minecraft:stick":4,"minecraft:iron_ingot":1,"minecraft:wooden_pickaxe":1,"minecraft:wooden_axe":1,"minecraft:bread":7,"minecraft:wheat":72},"minecraft:mined":{"minecraft:hay_block":8,"biomesoplenty:desert_grass":1,"minecraft:dark_oak_log":4,"treechop:chopped_log":2,"minecraft:peony":2,"minecraft:crafting_table":2,"minecraft:grass":4,"biomesoplenty:bush":1,"minecraft:oak_log":4,"minecraft:vine":1},"minecraft:used":{"minecraft:peony":2,"minecraft:wooden_axe":32,"minecraft:bread":5,"minecraft:crafting_table":2,"alexsmobs:animal_dictionary":1}},"DataVersion":3465}