{"stats":{"minecraft:picked_up":{"minecraft:dark_oak_sapling":3,"minecraft:stick":3,"minecraft:crafting_table":4,"iceandfire:copper_nugget":46,"minecraft:torch":1,"minecraft:wooden_pickaxe":1,"minecraft:porkchop":9,"minecraft:spruce_sapling":2,"minecraft:oak_log":4,"minecraft:spruce_log":13,"minecraft:dark_oak_log":13,"alexsmobs:animal_dictionary":1,"minecraft:bone":3,"minecraft:arrow":4,"minecraft:rotten_flesh":1,"minecraft:apple":1,"iceandfire:pixie_jar_empty":1,"iceandfire:bestiary":1,"minecraft:wheat_seeds":1,"minecraft:peony":2,"minecraft:hay_block":8,"minecraft:iron_ingot":4,"minecraft:black_wool":1,"iceandfire:podium_acacia":1,"minecraft:mutton":4,"minecraft:cobblestone":27,"minecraft:white_wool":2},"minecraft:dropped":{"alexsmobs:animal_dictionary":1,"minecraft:dark_oak_sapling":3,"minecraft:rotten_flesh":1,"minecraft:wooden_pickaxe":2},"minecraft:broken":{"minecraft:wooden_axe":1},"minecraft:custom":{"minecraft:time_since_rest":23905,"minecraft:sprint_one_cm":113297,"minecraft:damage_taken":410,"minecraft:walk_one_cm":114742,"minecraft:mob_kills":9,"minecraft:drop":5,"minecraft:damage_dealt":2028,"minecraft:interact_with_crafting_table":7,"minecraft:fly_one_cm":155177,"minecraft:open_chest":7,"minecraft:crouch_one_cm":7479,"minecraft:play_time":23905,"minecraft:sneak_time":1337,"minecraft:jump":406,"minecraft:walk_on_water_one_cm":347,"minecraft:leave_game":1,"minecraft:time_since_death":23905,"minecraft:climb_one_cm":6272,"minecraft:total_world_time":23905,"minecraft:fall_one_cm":6040},"minecraft:killed":{"minecraft:skeleton":1,"minecraft:sheep":2,"minecraft:pillager":1,"minecraft:pig":4,"minecraft:iron_golem":1},"minecraft:crafted":{"minecraft:oak_planks":16,"minecraft:crafting_table":1,"minecraft:iron_pickaxe":1,"minecraft:spruce_planks":52,"minecraft:stick":12,"minecraft:iron_ingot":1,"minecraft:wooden_pickaxe":1,"minecraft:wooden_axe":1,"minecraft:stone_axe":1,"minecraft:bread":25,"minecraft:wheat":72},"minecraft:mined":{"minecraft:hay_block":8,"iceandfire:copper_pile":5,"biomesoplenty:desert_grass":1,"minecraft:dark_oak_log":6,"iceandfire:podium_acacia":1,"treechop:chopped_log":2,"minecraft:peony":2,"minecraft:crafting_table":4,"minecraft:torch":1,"minecraft:grass":5,"biomesoplenty:bush":1,"minecraft:oak_log":4,"minecraft:vine":1,"minecraft:stone":27,"iceandfire:pixie_jar_empty":1},"minecraft:used":{"minecraft:peony":2,"minecraft:wooden_axe":46,"minecraft:dark_oak_log":2,"minecraft:bread":11,"minecraft:spruce_planks":1,"minecraft:wooden_pickaxe":28,"minecraft:stone_axe":6,"minecraft:crafting_table":4,"minecraft:goat_horn":1,"alexsmobs:animal_dictionary":1}},"DataVersion":3465}