{"stats":{"minecraft:picked_up":{"minecraft:crafting_table":5,"minecraft:smithing_table":1,"minecraft:wooden_pickaxe":1,"minecraft:oak_log":4,"minecraft:bone":3,"minecraft:apple":1,"iceandfire:pixie_jar_empty":1,"iceandfire:bestiary":1,"minecraft:wheat_seeds":15,"minecraft:spruce_planks":7,"minecraft:iron_ingot":16,"minecraft:poppy":4,"iceandfire:podium_acacia":1,"minecraft:dark_oak_sapling":3,"minecraft:stick":3,"iceandfire:copper_nugget":46,"minecraft:torch":1,"minecraft:porkchop":9,"minecraft:spruce_sapling":2,"minecraft:blast_furnace":2,"minecraft:spruce_log":13,"minecraft:spider_eye":1,"alexsmobs:animal_dictionary":1,"minecraft:dark_oak_log":13,"minecraft:orange_bed":1,"minecraft:arrow":4,"minecraft:blue_terracotta":1,"minecraft:rotten_flesh":1,"minecraft:peony":2,"minecraft:hay_block":10,"minecraft:jack_o_lantern":1,"minecraft:black_wool":1,"minecraft:mutton":4,"minecraft:iron_bars":10,"minecraft:white_wool":2,"minecraft:cobblestone":27},"minecraft:broken":{"minecraft:wooden_axe":1},"minecraft:dropped":{"minecraft:blue_terracotta":1,"minecraft:stone_axe":1,"minecraft:wheat_seeds":27,"alexsmobs:animal_dictionary":1,"minecraft:dark_oak_sapling":3,"minecraft:wheat":1,"minecraft:rotten_flesh":1,"minecraft:poppy":4,"minecraft:torch":1,"iceandfire:copper_nugget":1,"minecraft:melon_slice":5,"minecraft:spider_eye":1,"minecraft:iron_bars":10,"minecraft:wooden_pickaxe":2,"minecraft:black_wool":1,"minecraft:spruce_sapling":2},"minecraft:custom":{"minecraft:mob_kills":19,"minecraft:interact_with_crafting_table":14,"minecraft:leave_game":1,"minecraft:time_since_death":35905,"minecraft:climb_one_cm":6272,"minecraft:time_since_rest":35905,"minecraft:sprint_one_cm":200211,"minecraft:damage_taken":585,"minecraft:walk_one_cm":169152,"minecraft:drop":20,"minecraft:damage_dealt":6476,"minecraft:fly_one_cm":248790,"minecraft:open_chest":8,"minecraft:crouch_one_cm":8595,"minecraft:play_time":35905,"minecraft:sneak_time":1578,"minecraft:jump":651,"minecraft:interact_with_blast_furnace":1,"minecraft:walk_on_water_one_cm":595,"minecraft:total_world_time":35905,"minecraft:fall_one_cm":8966},"minecraft:killed":{"minecraft:pig":4,"minecraft:spider":1,"minecraft:iron_golem":4,"alexsmobs:rhinoceros":1,"minecraft:sheep":2,"minecraft:skeleton":1,"minecraft:pillager":4,"alexsmobs:roadrunner":1},"minecraft:crafted":{"minecraft:oak_planks":16,"minecraft:crafting_table":1,"minecraft:spruce_planks":52,"minecraft:wooden_pickaxe":1,"minecraft:iron_sword":1,"minecraft:copper_ingot":5,"minecraft:stone_axe":1,"minecraft:bread":34,"minecraft:iron_chestplate":1,"minecraft:shield":1,"minecraft:iron_axe":1,"minecraft:stick":12,"minecraft:iron_ingot":1,"minecraft:iron_pickaxe":1,"minecraft:wooden_axe":1,"minecraft:wheat":90},"minecraft:mined":{"iceandfire:pixie_jar_empty":1,"minecraft:smithing_table":1,"minecraft:cut_sandstone":1,"minecraft:spruce_planks":7,"minecraft:glass_pane":1,"iceandfire:copper_pile":5,"minecraft:dark_oak_log":6,"biomesoplenty:desert_grass":1,"minecraft:jack_o_lantern":1,"iceandfire:podium_acacia":1,"minecraft:crafting_table":5,"minecraft:torch":1,"biomesoplenty:bush":1,"minecraft:blast_furnace":2,"minecraft:hay_block":10,"minecraft:blue_terracotta":1,"treechop:chopped_log":2,"minecraft:peony":2,"minecraft:grass":7,"minecraft:oak_log":4,"minecraft:vine":1,"minecraft:iron_bars":10,"minecraft:stone":27,"minecraft:orange_bed":1},"minecraft:used":{"minecraft:peony":2,"minecraft:jack_o_lantern":1,"minecraft:spruce_planks":7,"minecraft:wooden_pickaxe":28,"minecraft:iron_sword":16,"minecraft:crafting_table":5,"minecraft:crossbow":1,"minecraft:wooden_axe":46,"minecraft:dark_oak_log":2,"minecraft:iron_axe":5,"minecraft:bread":16,"minecraft:iron_pickaxe":16,"minecraft:stone_axe":53,"minecraft:goat_horn":2,"alexsmobs:animal_dictionary":1}},"DataVersion":3465}