{"stats":{"minecraft:picked_up":{"biomesoplenty:lavender":35,"iceandfire:pixie_jar_4":1,"minecraft:crafting_table":7,"minecraft:leather":3,"minecraft:red_mushroom":2,"minecraft:stone_brick_wall":1,"biomesoplenty:jacaranda_sapling":84,"minecraft:oak_log":9,"minecraft:chain":1,"iceandfire:pixie_jar_1":1,"minecraft:cobblestone_wall":4,"minecraft:string":3,"minecraft:dirt":30,"minecraft:red_bed":1,"minecraft:lantern":14,"iceandfire:pixie_house_mushroom_red":2,"biomesoplenty:tall_lavender":3,"minecraft:bone":3,"iceandfire:pixie_jar_empty":2,"minecraft:wheat_seeds":16,"minecraft:beef":2,"minecraft:stone_pickaxe":1,"minecraft:iron_pickaxe":1,"minecraft:birch_sapling":1,"biomesoplenty:wildflower":4,"minecraft:furnace":5,"minecraft:scaffolding":1,"biomesoplenty:toadstool":2,"minecraft:dark_oak_sapling":2,"minecraft:stick":40,"minecraft:raw_iron":82,"minecraft:pumpkin":2,"minecraft:oak_fence":1,"minecraft:torch":4,"minecraft:pink_carpet":2,"minecraft:sand":10,"minecraft:porkchop":12,"minecraft:spruce_sapling":9,"minecraft:diorite":3,"minecraft:carrot":4,"minecraft:spruce_log":22,"minecraft:dark_oak_log":11,"alexsmobs:animal_dictionary":1,"minecraft:dark_oak_planks":3,"minecraft:arrow":2,"minecraft:rotten_flesh":4,"biomesoplenty:jacaranda_log":184,"minecraft:peony":1,"minecraft:hay_block":2,"minecraft:birch_log":1,"minecraft:oak_sapling":1,"minecraft:iron_bars":1,"minecraft:mutton":3,"minecraft:dark_oak_wood":1,"minecraft:coal":94,"iceandfire:raw_silver":1,"minecraft:white_wool":3,"minecraft:cobblestone":80},"minecraft:broken":{"minecraft:stone_pickaxe":1,"minecraft:wooden_pickaxe":1},"minecraft:dropped":{"minecraft:cobblestone":3,"iceandfire:pixie_jar_empty":1,"minecraft:iron_pickaxe":1,"minecraft:scaffolding":1,"biomesoplenty:tall_lavender":2},"minecraft:killed_by":{"minecraft:cave_spider":1,"minecraft:zombie":1,"iceandfire:fire_dragon":2},"minecraft:custom":{"minecraft:interact_with_furnace":42,"minecraft:mob_kills":15,"minecraft:interact_with_crafting_table":19,"minecraft:open_barrel":4,"minecraft:leave_game":2,"minecraft:time_since_death":62781,"minecraft:sleep_in_bed":2,"minecraft:climb_one_cm":1882,"minecraft:time_since_rest":11582,"minecraft:sprint_one_cm":503800,"minecraft:damage_taken":2115,"minecraft:walk_one_cm":1567803,"minecraft:drop":7,"minecraft:damage_dealt":2298,"minecraft:talked_to_villager":1,"minecraft:swim_one_cm":28544,"minecraft:fly_one_cm":144674,"minecraft:open_chest":36,"minecraft:crouch_one_cm":17194,"minecraft:play_time":140680,"minecraft:deaths":5,"minecraft:sneak_time":2993,"minecraft:walk_under_water_one_cm":15713,"minecraft:jump":1917,"minecraft:walk_on_water_one_cm":60402,"minecraft:total_world_time":140680,"minecraft:fall_one_cm":28173},"minecraft:killed":{"minecraft:cave_spider":1,"minecraft:pig":3,"minecraft:spider":1,"minecraft:skeleton":1,"minecraft:sheep":2,"minecraft:zombie":3,"minecraft:villager":2,"minecraft:cow":2},"minecraft:crafted":{"minecraft:cooked_beef":1,"minecraft:cooked_porkchop":6,"minecraft:crafting_table":1,"minecraft:spruce_planks":12,"minecraft:baked_potato":68,"minecraft:wooden_pickaxe":2,"minecraft:dark_oak_wood":3,"minecraft:iron_sword":2,"minecraft:furnace":1,"iceandfire:pixie_jar_empty":2,"minecraft:cooked_mutton":3,"minecraft:air":0,"minecraft:glass":14,"minecraft:iron_axe":2,"minecraft:stick":16,"minecraft:iron_pickaxe":2,"minecraft:iron_ingot":26,"minecraft:stone_pickaxe":2,"minecraft:dark_oak_planks":12},"minecraft:mined":{"minecraft:podzol":6,"biomesoplenty:jacaranda_leaves":1,"minecraft:scaffolding":1,"minecraft:pink_carpet":2,"minecraft:glass_pane":13,"minecraft:light_gray_stained_glass_pane":2,"iceandfire:silver_ore":1,"minecraft:red_bed":1,"minecraft:hanging_roots":1,"biomesoplenty:wildflower":2,"minecraft:dark_oak_log":1,"minecraft:oak_fence":1,"minecraft:crafting_table":7,"biomesoplenty:bush":5,"minecraft:stone_brick_wall":1,"minecraft:grass_block":12,"biomesoplenty:high_grass_plant":4,"minecraft:cobblestone":3,"minecraft:spruce_leaves":2,"minecraft:diorite":3,"minecraft:rooted_dirt":1,"minecraft:chain":2,"biomesoplenty:tall_lavender":2,"minecraft:furnace":5,"minecraft:carrots":1,"minecraft:cobblestone_wall":4,"minecraft:iron_ore":82,"biomesoplenty:lavender":13,"minecraft:spruce_log":6,"minecraft:birch_leaves":2,"iceandfire:pixie_house_mushroom_red":2,"minecraft:pumpkin":1,"treechop:chopped_log":15,"minecraft:peony":1,"minecraft:grass":15,"minecraft:oak_log":4,"minecraft:coal_ore":61,"biomesoplenty:high_grass":3,"minecraft:purple_carpet":2,"minecraft:iron_bars":1,"minecraft:lantern":14,"minecraft:sand":10,"minecraft:dirt":16,"biomesoplenty:barley":7,"minecraft:white_wool":1,"minecraft:stone":60,"biomesoplenty:spider_egg":1,"minecraft:oak_leaves":7,"iceandfire:pixie_jar_empty":1},"minecraft:used":{"minecraft:cooked_mutton":3,"minecraft:stone_pickaxe":210,"minecraft:baked_potato":5,"minecraft:wooden_pickaxe":76,"minecraft:iron_sword":27,"minecraft:dirt":13,"minecraft:crafting_table":7,"minecraft:red_bed":1,"minecraft:spruce_log":7,"minecraft:oak_log":2,"minecraft:apple":7,"minecraft:iron_axe":139,"minecraft:bread":8,"minecraft:iron_pickaxe":97,"minecraft:cobblestone":3,"minecraft:furnace":5,"minecraft:cooked_porkchop":2,"alexsmobs:animal_dictionary":1,"iceandfire:pixie_jar_empty":1,"minecraft:cooked_beef":1}},"DataVersion":3465}