{"stats":{"minecraft:picked_up":{"minecraft:dark_oak_sapling":2,"minecraft:stick":2,"minecraft:oak_log":6,"minecraft:pumpkin":1,"minecraft:dark_oak_log":11},"minecraft:custom":{"minecraft:jump":31,"minecraft:time_since_rest":3911,"minecraft:play_time":3911,"minecraft:time_since_death":3911,"minecraft:walk_one_cm":30082,"minecraft:total_world_time":3911,"minecraft:fly_one_cm":79},"minecraft:mined":{"minecraft:grass":1,"minecraft:oak_log":1,"minecraft:dark_oak_log":1,"minecraft:pumpkin":1,"treechop:chopped_log":2},"minecraft:used":{"alexsmobs:animal_dictionary":1}},"DataVersion":3465}