{"stats":{"minecraft:picked_up":{"minecraft:dark_oak_sapling":2,"minecraft:stick":2,"minecraft:crafting_table":1,"minecraft:pumpkin":1,"minecraft:leather":1,"minecraft:porkchop":1,"minecraft:oak_log":6,"minecraft:spruce_sapling":4,"minecraft:spruce_log":11,"minecraft:dark_oak_log":11,"minecraft:wheat_seeds":1,"minecraft:peony":1,"minecraft:beef":1,"biomesoplenty:wildflower":2,"minecraft:mutton":3,"minecraft:coal":13,"minecraft:white_wool":1},"minecraft:custom":{"minecraft:time_since_rest":14680,"minecraft:sprint_one_cm":46152,"minecraft:damage_taken":10,"minecraft:walk_one_cm":165874,"minecraft:mob_kills":4,"minecraft:damage_dealt":350,"minecraft:interact_with_crafting_table":1,"minecraft:fly_one_cm":19485,"minecraft:play_time":14680,"minecraft:walk_under_water_one_cm":477,"minecraft:jump":190,"minecraft:leave_game":2,"minecraft:walk_on_water_one_cm":1207,"minecraft:time_since_death":14680,"minecraft:total_world_time":14680,"minecraft:fall_one_cm":1312},"minecraft:killed":{"minecraft:sheep":2,"minecraft:pig":1,"minecraft:cow":1},"minecraft:crafted":{"minecraft:crafting_table":1,"minecraft:dark_oak_wood":3,"minecraft:wooden_pickaxe":1,"minecraft:dark_oak_planks":8},"minecraft:mined":{"biomesoplenty:wildflower":2,"minecraft:dark_oak_log":1,"minecraft:pumpkin":1,"treechop:chopped_log":3,"minecraft:peony":1,"minecraft:crafting_table":1,"minecraft:grass":5,"minecraft:coal_ore":13,"minecraft:oak_log":1},"minecraft:used":{"minecraft:wooden_pickaxe":14,"minecraft:crafting_table":1,"alexsmobs:animal_dictionary":1}},"DataVersion":3465}