{"stats":{"minecraft:picked_up":{"biomesoplenty:lavender":34,"minecraft:crafting_table":4,"minecraft:leather":3,"biomesoplenty:jacaranda_sapling":24,"minecraft:oak_log":9,"minecraft:chain":1,"minecraft:string":1,"minecraft:dirt":21,"minecraft:lantern":9,"biomesoplenty:tall_lavender":3,"minecraft:wheat_seeds":16,"minecraft:beef":2,"minecraft:stone_pickaxe":1,"minecraft:iron_pickaxe":1,"biomesoplenty:wildflower":4,"minecraft:furnace":3,"minecraft:scaffolding":1,"biomesoplenty:toadstool":2,"minecraft:dark_oak_sapling":2,"minecraft:stick":17,"minecraft:raw_iron":35,"minecraft:pumpkin":2,"minecraft:oak_fence":1,"minecraft:porkchop":12,"minecraft:spruce_sapling":8,"minecraft:diorite":3,"minecraft:carrot":4,"minecraft:spruce_log":17,"minecraft:dark_oak_log":11,"alexsmobs:animal_dictionary":1,"minecraft:dark_oak_planks":3,"minecraft:rotten_flesh":1,"biomesoplenty:jacaranda_log":49,"minecraft:peony":1,"minecraft:mutton":3,"minecraft:dark_oak_wood":1,"minecraft:coal":63,"iceandfire:raw_silver":1,"minecraft:white_wool":2,"minecraft:cobblestone":47},"minecraft:broken":{"minecraft:wooden_pickaxe":1},"minecraft:dropped":{"minecraft:iron_pickaxe":1,"minecraft:scaffolding":1,"biomesoplenty:tall_lavender":2},"minecraft:killed_by":{"minecraft:cave_spider":1,"minecraft:zombie":1,"iceandfire:fire_dragon":2},"minecraft:custom":{"minecraft:interact_with_furnace":23,"minecraft:mob_kills":10,"minecraft:interact_with_crafting_table":9,"minecraft:open_barrel":4,"minecraft:leave_game":2,"minecraft:time_since_death":2781,"minecraft:sleep_in_bed":1,"minecraft:time_since_rest":2834,"minecraft:sprint_one_cm":367201,"minecraft:damage_taken":1285,"minecraft:walk_one_cm":877298,"minecraft:drop":3,"minecraft:damage_dealt":1247,"minecraft:talked_to_villager":1,"minecraft:swim_one_cm":12261,"minecraft:fly_one_cm":122014,"minecraft:open_chest":17,"minecraft:crouch_one_cm":14926,"minecraft:play_time":80680,"minecraft:deaths":5,"minecraft:sneak_time":2779,"minecraft:walk_under_water_one_cm":13256,"minecraft:jump":1243,"minecraft:walk_on_water_one_cm":24319,"minecraft:total_world_time":80680,"minecraft:fall_one_cm":12679},"minecraft:killed":{"minecraft:cave_spider":1,"minecraft:pig":3,"minecraft:sheep":2,"minecraft:zombie":2,"minecraft:cow":2},"minecraft:crafted":{"minecraft:cooked_beef":1,"minecraft:cooked_porkchop":6,"minecraft:crafting_table":1,"minecraft:baked_potato":16,"minecraft:wooden_pickaxe":1,"minecraft:dark_oak_wood":3,"minecraft:iron_sword":1,"minecraft:furnace":1,"minecraft:cooked_mutton":3,"minecraft:air":0,"minecraft:iron_axe":1,"minecraft:stick":8,"minecraft:iron_pickaxe":1,"minecraft:iron_ingot":17,"minecraft:stone_pickaxe":1,"minecraft:dark_oak_planks":12},"minecraft:mined":{"minecraft:podzol":6,"minecraft:scaffolding":1,"iceandfire:silver_ore":1,"minecraft:hanging_roots":1,"biomesoplenty:wildflower":2,"minecraft:dark_oak_log":1,"minecraft:oak_fence":1,"minecraft:crafting_table":4,"biomesoplenty:bush":5,"minecraft:grass_block":6,"minecraft:diorite":3,"minecraft:rooted_dirt":1,"minecraft:chain":2,"biomesoplenty:tall_lavender":2,"minecraft:furnace":3,"minecraft:carrots":1,"minecraft:iron_ore":35,"biomesoplenty:lavender":12,"minecraft:spruce_log":6,"minecraft:pumpkin":1,"treechop:chopped_log":7,"minecraft:peony":1,"minecraft:grass":11,"minecraft:oak_log":4,"minecraft:coal_ore":30,"minecraft:lantern":9,"minecraft:dirt":10,"biomesoplenty:barley":7,"minecraft:stone":30,"biomesoplenty:spider_egg":1,"minecraft:oak_leaves":2},"minecraft:used":{"minecraft:cooked_mutton":3,"minecraft:stone_pickaxe":100,"minecraft:wooden_pickaxe":48,"minecraft:iron_sword":3,"minecraft:dirt":4,"minecraft:crafting_table":4,"minecraft:spruce_log":6,"minecraft:oak_log":2,"minecraft:iron_axe":32,"minecraft:iron_pickaxe":59,"minecraft:furnace":3,"minecraft:cooked_porkchop":2,"alexsmobs:animal_dictionary":1,"minecraft:cooked_beef":1}},"DataVersion":3465}