{"stats":{"minecraft:picked_up":{"biomesoplenty:lavender":34,"iceandfire:pixie_jar_4":1,"minecraft:crafting_table":6,"minecraft:leather":3,"minecraft:red_mushroom":2,"minecraft:stone_brick_wall":1,"biomesoplenty:jacaranda_sapling":24,"minecraft:oak_log":9,"minecraft:chain":1,"iceandfire:pixie_jar_1":1,"minecraft:string":2,"minecraft:dirt":27,"minecraft:lantern":14,"iceandfire:pixie_house_mushroom_red":2,"biomesoplenty:tall_lavender":3,"minecraft:bone":1,"iceandfire:pixie_jar_empty":2,"minecraft:wheat_seeds":16,"minecraft:beef":2,"minecraft:stone_pickaxe":1,"minecraft:iron_pickaxe":1,"biomesoplenty:wildflower":4,"minecraft:furnace":5,"minecraft:scaffolding":1,"biomesoplenty:toadstool":2,"minecraft:dark_oak_sapling":2,"minecraft:stick":19,"minecraft:raw_iron":66,"minecraft:pumpkin":2,"minecraft:oak_fence":1,"minecraft:torch":4,"minecraft:sand":10,"minecraft:porkchop":12,"minecraft:spruce_sapling":9,"minecraft:diorite":3,"minecraft:carrot":4,"minecraft:spruce_log":22,"minecraft:dark_oak_log":11,"alexsmobs:animal_dictionary":1,"minecraft:dark_oak_planks":3,"minecraft:arrow":2,"minecraft:rotten_flesh":3,"biomesoplenty:jacaranda_log":49,"minecraft:peony":1,"minecraft:hay_block":2,"minecraft:oak_sapling":1,"minecraft:iron_bars":1,"minecraft:mutton":3,"minecraft:dark_oak_wood":1,"minecraft:coal":92,"iceandfire:raw_silver":1,"minecraft:white_wool":2,"minecraft:cobblestone":77},"minecraft:broken":{"minecraft:stone_pickaxe":1,"minecraft:wooden_pickaxe":1},"minecraft:dropped":{"iceandfire:pixie_jar_empty":1,"minecraft:iron_pickaxe":1,"minecraft:scaffolding":1,"biomesoplenty:tall_lavender":2},"minecraft:killed_by":{"minecraft:cave_spider":1,"minecraft:zombie":1,"iceandfire:fire_dragon":2},"minecraft:custom":{"minecraft:interact_with_furnace":41,"minecraft:mob_kills":10,"minecraft:interact_with_crafting_table":16,"minecraft:open_barrel":4,"minecraft:leave_game":2,"minecraft:time_since_death":38781,"minecraft:sleep_in_bed":1,"minecraft:climb_one_cm":1882,"minecraft:time_since_rest":38834,"minecraft:sprint_one_cm":425079,"minecraft:damage_taken":1785,"minecraft:walk_one_cm":1280575,"minecraft:drop":4,"minecraft:damage_dealt":1508,"minecraft:talked_to_villager":1,"minecraft:swim_one_cm":28544,"minecraft:fly_one_cm":133878,"minecraft:open_chest":20,"minecraft:crouch_one_cm":16897,"minecraft:play_time":116680,"minecraft:deaths":5,"minecraft:sneak_time":2972,"minecraft:walk_under_water_one_cm":15253,"minecraft:jump":1697,"minecraft:walk_on_water_one_cm":52036,"minecraft:total_world_time":116680,"minecraft:fall_one_cm":21829},"minecraft:killed":{"minecraft:cave_spider":1,"minecraft:pig":3,"minecraft:sheep":2,"minecraft:zombie":2,"minecraft:cow":2},"minecraft:crafted":{"minecraft:cooked_beef":1,"minecraft:cooked_porkchop":6,"minecraft:crafting_table":1,"minecraft:spruce_planks":8,"minecraft:baked_potato":68,"minecraft:wooden_pickaxe":2,"minecraft:dark_oak_wood":3,"minecraft:iron_sword":1,"minecraft:furnace":1,"iceandfire:pixie_jar_empty":2,"minecraft:cooked_mutton":3,"minecraft:air":0,"minecraft:glass":14,"minecraft:iron_axe":1,"minecraft:stick":8,"minecraft:iron_pickaxe":1,"minecraft:iron_ingot":26,"minecraft:stone_pickaxe":2,"minecraft:dark_oak_planks":12},"minecraft:mined":{"minecraft:podzol":6,"minecraft:scaffolding":1,"minecraft:light_gray_stained_glass_pane":2,"iceandfire:silver_ore":1,"minecraft:hanging_roots":1,"biomesoplenty:wildflower":2,"minecraft:dark_oak_log":1,"minecraft:oak_fence":1,"minecraft:crafting_table":6,"biomesoplenty:bush":5,"minecraft:stone_brick_wall":1,"minecraft:grass_block":9,"biomesoplenty:high_grass_plant":4,"minecraft:spruce_leaves":2,"minecraft:diorite":3,"minecraft:rooted_dirt":1,"minecraft:chain":2,"biomesoplenty:tall_lavender":2,"minecraft:furnace":5,"minecraft:carrots":1,"minecraft:iron_ore":66,"biomesoplenty:lavender":12,"minecraft:spruce_log":6,"iceandfire:pixie_house_mushroom_red":2,"minecraft:pumpkin":1,"treechop:chopped_log":8,"minecraft:peony":1,"minecraft:grass":13,"minecraft:oak_log":4,"minecraft:coal_ore":59,"biomesoplenty:high_grass":3,"minecraft:iron_bars":1,"minecraft:lantern":14,"minecraft:sand":10,"minecraft:dirt":13,"biomesoplenty:barley":7,"minecraft:stone":60,"biomesoplenty:spider_egg":1,"minecraft:oak_leaves":3,"iceandfire:pixie_jar_empty":1},"minecraft:used":{"minecraft:cooked_mutton":3,"minecraft:stone_pickaxe":210,"minecraft:baked_potato":1,"minecraft:wooden_pickaxe":76,"minecraft:iron_sword":3,"minecraft:dirt":7,"minecraft:crafting_table":6,"minecraft:spruce_log":7,"minecraft:oak_log":2,"minecraft:apple":6,"minecraft:iron_axe":32,"minecraft:bread":6,"minecraft:iron_pickaxe":59,"minecraft:furnace":4,"minecraft:cooked_porkchop":2,"alexsmobs:animal_dictionary":1,"iceandfire:pixie_jar_empty":1,"minecraft:cooked_beef":1}},"DataVersion":3465}