{"stats":{"minecraft:picked_up":{"biomesoplenty:lavender":10,"minecraft:crafting_table":4,"minecraft:leather":3,"minecraft:oak_log":9,"minecraft:chain":1,"minecraft:string":1,"minecraft:dirt":20,"minecraft:lantern":9,"biomesoplenty:tall_lavender":2,"minecraft:wheat_seeds":6,"minecraft:beef":2,"minecraft:stone_pickaxe":1,"minecraft:iron_pickaxe":1,"biomesoplenty:wildflower":4,"minecraft:furnace":3,"minecraft:scaffolding":1,"biomesoplenty:toadstool":2,"minecraft:dark_oak_sapling":2,"minecraft:stick":4,"minecraft:raw_iron":35,"minecraft:pumpkin":2,"minecraft:porkchop":12,"minecraft:spruce_sapling":8,"minecraft:diorite":3,"minecraft:carrot":4,"minecraft:spruce_log":17,"minecraft:dark_oak_log":11,"alexsmobs:animal_dictionary":1,"minecraft:dark_oak_planks":3,"minecraft:rotten_flesh":1,"minecraft:peony":1,"minecraft:mutton":3,"minecraft:dark_oak_wood":1,"minecraft:coal":63,"iceandfire:raw_silver":1,"minecraft:white_wool":2,"minecraft:cobblestone":47},"minecraft:broken":{"minecraft:wooden_pickaxe":1},"minecraft:dropped":{"minecraft:iron_pickaxe":1,"minecraft:scaffolding":1,"biomesoplenty:tall_lavender":2},"minecraft:killed_by":{"minecraft:cave_spider":1},"minecraft:custom":{"minecraft:interact_with_furnace":23,"minecraft:mob_kills":10,"minecraft:interact_with_crafting_table":9,"minecraft:open_barrel":4,"minecraft:leave_game":2,"minecraft:time_since_death":25954,"minecraft:sleep_in_bed":1,"minecraft:time_since_rest":11869,"minecraft:sprint_one_cm":287815,"minecraft:damage_taken":380,"minecraft:walk_one_cm":654935,"minecraft:drop":3,"minecraft:damage_dealt":1202,"minecraft:talked_to_villager":1,"minecraft:swim_one_cm":12261,"minecraft:fly_one_cm":86182,"minecraft:open_chest":10,"minecraft:crouch_one_cm":1787,"minecraft:play_time":62680,"minecraft:deaths":1,"minecraft:sneak_time":1162,"minecraft:walk_under_water_one_cm":13256,"minecraft:jump":933,"minecraft:walk_on_water_one_cm":22038,"minecraft:total_world_time":62680,"minecraft:fall_one_cm":9741},"minecraft:killed":{"minecraft:cave_spider":1,"minecraft:pig":3,"minecraft:sheep":2,"minecraft:zombie":2,"minecraft:cow":2},"minecraft:crafted":{"minecraft:cooked_beef":1,"minecraft:cooked_porkchop":6,"minecraft:crafting_table":1,"minecraft:baked_potato":16,"minecraft:wooden_pickaxe":1,"minecraft:dark_oak_wood":3,"minecraft:iron_sword":1,"minecraft:furnace":1,"minecraft:cooked_mutton":3,"minecraft:air":0,"minecraft:iron_axe":1,"minecraft:stick":8,"minecraft:iron_pickaxe":1,"minecraft:iron_ingot":17,"minecraft:stone_pickaxe":1,"minecraft:dark_oak_planks":12},"minecraft:mined":{"minecraft:podzol":6,"minecraft:scaffolding":1,"iceandfire:silver_ore":1,"minecraft:hanging_roots":1,"biomesoplenty:wildflower":2,"minecraft:dark_oak_log":1,"minecraft:crafting_table":4,"biomesoplenty:bush":5,"minecraft:grass_block":6,"minecraft:diorite":3,"minecraft:rooted_dirt":1,"minecraft:chain":2,"biomesoplenty:tall_lavender":2,"minecraft:furnace":3,"minecraft:carrots":1,"minecraft:iron_ore":35,"biomesoplenty:lavender":10,"minecraft:spruce_log":6,"minecraft:pumpkin":1,"treechop:chopped_log":3,"minecraft:peony":1,"minecraft:grass":11,"minecraft:oak_log":4,"minecraft:coal_ore":30,"minecraft:lantern":9,"minecraft:dirt":9,"biomesoplenty:barley":2,"minecraft:stone":30,"biomesoplenty:spider_egg":1,"minecraft:oak_leaves":2},"minecraft:used":{"minecraft:cooked_mutton":3,"minecraft:stone_pickaxe":100,"minecraft:wooden_pickaxe":48,"minecraft:iron_sword":3,"minecraft:dirt":4,"minecraft:crafting_table":4,"minecraft:spruce_log":6,"minecraft:oak_log":2,"minecraft:iron_axe":2,"minecraft:iron_pickaxe":59,"minecraft:furnace":3,"minecraft:cooked_porkchop":2,"alexsmobs:animal_dictionary":1,"minecraft:cooked_beef":1}},"DataVersion":3465}