{"stats":{"minecraft:picked_up":{"minecraft:stick":1,"minecraft:spruce_sapling":3,"minecraft:spruce_log":11,"alexsmobs:animal_dictionary":1,"minecraft:oxeye_daisy":1},"minecraft:dropped":{"alexsmobs:animal_dictionary":1},"minecraft:custom":{"minecraft:time_since_rest":5104,"minecraft:crouch_one_cm":1302,"minecraft:play_time":5104,"minecraft:sprint_one_cm":39908,"minecraft:damage_taken":10,"minecraft:walk_one_cm":23832,"minecraft:sneak_time":238,"minecraft:drop":1,"minecraft:jump":62,"minecraft:damage_dealt":10,"minecraft:leave_game":1,"minecraft:time_since_death":5104,"minecraft:total_world_time":5104,"minecraft:fall_one_cm":418,"minecraft:fly_one_cm":15054},"minecraft:mined":{"minecraft:grass":1,"biomesoplenty:bush":1,"minecraft:spruce_log":1,"minecraft:oxeye_daisy":1},"minecraft:used":{"minecraft:oxeye_daisy":1}},"DataVersion":3465}