{"stats":{"minecraft:picked_up":{"eternal_tales:starter_kit":1,"minecraft:oxeye_daisy":1},"minecraft:custom":{"minecraft:jump":27,"minecraft:open_chest":1,"minecraft:time_since_rest":10816,"minecraft:leave_game":1,"minecraft:damage_dealt":14,"minecraft:crouch_one_cm":1243,"minecraft:damage_taken":7,"minecraft:sprint_one_cm":5280,"minecraft:play_time":10816,"minecraft:time_since_death":10816,"minecraft:walk_one_cm":17174,"minecraft:sneak_time":242,"minecraft:total_world_time":10816,"minecraft:fall_one_cm":629,"minecraft:fly_one_cm":1644},"minecraft:used":{"eternal_tales:starter_kit":1}},"DataVersion":3465}