{"stats":{"minecraft:picked_up":{"eternal_tales:karst_stone":8,"minecraft:crafting_table":1,"minecraft:iron_chestplate":4,"minecraft:leather_leggings":21,"minecraft:diamond_sword":1,"minecraft:wooden_pickaxe":23,"minecraft:brewing_stand":4,"minecraft:shield":8,"minecraft:cornflower":2,"minecraft:string":12,"eternal_tales:stress_pills":6,"minecraft:iron_leggings":2,"minecraft:item_frame":2,"minecraft:compass":1,"minecraft:gold_nugget":72,"minecraft:bucket":2,"minecraft:beef":57,"eternal_tales:limestone_rock":6,"minecraft:iron_pickaxe":13,"minecraft:chest":2,"eternal_tales:starter_kit":1,"eternal_tales:spider_man_emblem":2,"minecraft:spruce_pressure_plate":2,"minecraft:stick":379,"minecraft:raw_iron":25,"eternal_tales:latit":2,"minecraft:torch":27,"minecraft:acacia_log":36,"eternal_tales:petrified_log":3,"minecraft:porkchop":5,"regions_unexplored:baobab_shrub":3,"minecraft:redstone":2,"minecraft:dark_oak_planks":18,"minecraft:orange_bed":2,"iceandfire:silver_ingot":3,"eternal_tales:totem_of_eternal_darkness":18,"eternal_tales:poisonoil":4,"minecraft:stone_sword":13,"minecraft:stone_shovel":17,"minecraft:arrow":126,"minecraft:light_gray_bed":1,"minecraft:rotten_flesh":40,"eternal_tales:illuminati_fish":1,"biomesoplenty:mahogany_sapling":6,"minecraft:hay_block":176,"eternal_tales:chlorine":49,"eternal_tales:journal":16,"minecraft:gold_ingot":6,"minecraft:bone_block":255,"minecraft:cobblestone":47,"minecraft:oxeye_daisy":3,"minecraft:leather_chestplate":17,"minecraft:feather":19,"minecraft:tripwire_hook":11,"minecraft:birch_slab":1,"minecraft:water_bucket":2,"minecraft:andesite":2,"minecraft:leather":3,"minecraft:potato":12,"minecraft:birch_planks":33,"minecraft:oak_log":36,"biomesoplenty:mahogany_boat":3,"eternal_tales:tea_seeds":35,"mca:book_romance":26,"minecraft:lapis_lazuli":6,"minecraft:dirt":92,"minecraft:birch_pressure_plate":1,"minecraft:leather_boots":16,"minecraft:bone":265,"minecraft:red_carpet":13,"minecraft:apple":48,"iceandfire:pixie_jar_empty":3,"minecraft:bow":8,"minecraft:wheat_seeds":25,"regions_unexplored:baobab_sapling":31,"minecraft:iron_ingot":123,"minecraft:stone_pickaxe":1,"minecraft:diamond_helmet":2,"minecraft:bamboo":43,"biomesoplenty:mahogany_planks":45,"minecraft:iron_sword":10,"minecraft:oak_planks":32,"eternal_tales:witheroil":1,"iceandfire:copper_nugget":14,"minecraft:dandelion":4,"eternal_tales:tikitorch":6,"minecraft:white_bed":2,"minecraft:dark_oak_log":3,"alexsmobs:animal_dictionary":21,"minecraft:spider_eye":25,"minecraft:leather_helmet":13,"eternal_tales:ruby_block":2,"eternal_tales:bronze_coin":12,"biomesoplenty:mahogany_log":198,"minecraft:diamond":14,"minecraft:stone_axe":19,"iceandfire:silver_sword":5,"eternal_tales:terra_shard":25,"minecraft:chainmail_leggings":1,"minecraft:iron_helmet":1,"minecraft:granite":4,"minecraft:bread":208,"minecraft:emerald":31,"minecraft:baked_potato":68,"minecraft:oak_sapling":3,"eternal_tales:brown_mushrooms_et":1,"iceandfire:silver_nugget":6,"minecraft:coal":87,"eternal_tales:raw_chlorine":58,"regions_unexplored:baobab_log":1328,"iceandfire:raw_silver":10,"minecraft:diamond_pickaxe":1,"minecraft:sunflower":1},"minecraft:custom":{"minecraft:mob_kills":70,"minecraft:interact_with_crafting_table":17,"minecraft:open_barrel":52,"minecraft:leave_game":3,"minecraft:time_since_death":15280,"minecraft:climb_one_cm":3602,"minecraft:sprint_one_cm":290434,"minecraft:walk_one_cm":396901,"minecraft:damage_blocked_by_shield":830,"minecraft:drop":37,"minecraft:play_time":121774,"minecraft:sneak_time":3882,"minecraft:deaths":20,"minecraft:walk_under_water_one_cm":1292,"minecraft:jump":644,"minecraft:walk_on_water_one_cm":3179,"minecraft:total_world_time":121774,"minecraft:interact_with_grindstone":1,"minecraft:sleep_in_bed":1,"minecraft:time_since_rest":15330,"minecraft:damage_taken":6491,"minecraft:damage_dealt":11662,"minecraft:player_kills":1,"minecraft:fly_one_cm":70137,"minecraft:open_chest":37,"minecraft:crouch_one_cm":9761,"minecraft:inspect_dispenser":3,"minecraft:fall_one_cm":5972},"minecraft:killed_by":{"minecraft:player":3,"minecraft:skeleton":5,"minecraft:zombie":6},"minecraft:mined":{"minecraft:dark_oak_planks":2,"eternal_tales:deepslate_chlorine_ore":1,"minecraft:white_bed":1,"iceandfire:silver_ore":3,"iceandfire:copper_pile":2,"minecraft:brewing_stand":1,"minecraft:granite":5,"eternal_tales:karst_stone":15,"biomesoplenty:bush":1,"minecraft:light_gray_bed":1,"minecraft:birch_slab":1,"minecraft:spawner":12,"minecraft:hay_block":42,"regions_unexplored:baobab_log":22,"eternal_tales:tikitorch":1,"minecraft:iron_ore":21,"minecraft:fire":6,"minecraft:andesite":2,"treechop:chopped_log":3,"biomesoplenty:hanging_cobweb":1,"minecraft:potatoes":1,"iceandfire:gold_pile":3,"minecraft:spruce_pressure_plate":2,"eternal_tales:latit":2,"eternal_tales:chlorine_ore":16,"eternal_tales:limestone":6,"minecraft:stone":46,"minecraft:bone_block":18,"minecraft:birch_pressure_plate":1,"iceandfire:pixie_jar_empty":1,"minecraft:glass_pane":3,"eternal_tales:petrified_log":3,"minecraft:torch":2,"regions_unexplored:baobab_shrub":1,"eternal_tales:budding_ruby":1,"eternal_tales:ruby_block":3,"minecraft:tall_grass":1,"minecraft:lapis_ore":1,"minecraft:oak_planks":1,"minecraft:wall_torch":2,"minecraft:birch_planks":1,"minecraft:wheat":3,"eternal_tales:vase_et_white":4,"minecraft:grass":19,"minecraft:coal_ore":40,"minecraft:tripwire_hook":13,"minecraft:oak_leaves":2},"minecraft:broken":{"minecraft:leather_boots":1},"minecraft:dropped":{"minecraft:bread":43,"minecraft:crafting_table":1,"eternal_tales:spider_man_emblem":1,"minecraft:granite":4,"minecraft:leather_helmet":1,"minecraft:item_frame":1,"minecraft:dirt":1,"eternal_tales:tea_seeds":1,"eternal_tales:raw_chlorine":1,"iceandfire:copper_nugget":14,"iceandfire:silver_sword":1,"eternal_tales:ruby_block":2,"iceandfire:silver_nugget":6,"eternal_tales:limestone_rock":5,"eternal_tales:latit":2,"minecraft:stone_sword":1,"eternal_tales:bronze_coin":4,"eternal_tales:petrified_log":3,"regions_unexplored:baobab_log":64,"minecraft:rotten_flesh":18,"minecraft:oak_planks":8,"minecraft:leather_chestplate":1,"iceandfire:silver_ingot":1,"minecraft:leather_leggings":1,"eternal_tales:brown_mushrooms_et":1,"minecraft:spider_eye":6,"minecraft:bow":1,"eternal_tales:poisonoil":4,"minecraft:wooden_pickaxe":1},"minecraft:used":{"minecraft:stone_sword":133,"iceandfire:silver_sword":26,"minecraft:bone_block":3,"minecraft:chest":2,"minecraft:shield":26,"minecraft:iron_sword":140,"minecraft:torch":17,"minecraft:honey_bottle":2,"minecraft:milk_bucket":1,"minecraft:dark_oak_planks":8,"minecraft:red_carpet":13,"minecraft:light_gray_bed":1,"minecraft:water_bucket":3,"minecraft:wooden_pickaxe":27,"minecraft:crafting_table":4,"eternal_tales:tikitorch":1,"minecraft:diamond_pickaxe":138,"minecraft:apple":2,"minecraft:bread":27,"minecraft:iron_pickaxe":71,"eternal_tales:starter_kit":1,"minecraft:stone_axe":46,"regions_unexplored:baobab_log":13,"minecraft:diamond_sword":121,"minecraft:cobblestone":21,"minecraft:bucket":4},"minecraft:killed":{"mca:male_zombie_villager":1,"minecraft:witch":1,"minecraft:spider":4,"minecraft:skeleton":14,"minecraft:parrot":1,"minecraft:bat":1,"minecraft:zombie":31,"iceandfire:ghost":1,"enemyexpansion:botfly":6},"minecraft:crafted":{"minecraft:oak_planks":44,"biomesoplenty:mahogany_planks":28,"minecraft:chest":1,"minecraft:dark_oak_planks":24,"minecraft:wheat":243,"minecraft:diamond_sword":1,"minecraft:crafting_table":5,"minecraft:iron_sword":1,"minecraft:bread":81,"minecraft:diamond_pickaxe":1,"minecraft:shield":2,"minecraft:stick":24,"minecraft:iron_pickaxe":1,"biomesoplenty:mahogany_boat":1,"minecraft:iron_leggings":1,"minecraft:torch":12}},"DataVersion":3465}