{"stats":{"minecraft:picked_up":{"minecraft:wooden_axe":3,"minecraft:charcoal":2,"minecraft:crafting_table":1,"minecraft:wheat":12,"alexsmobs:acacia_blossom":1,"minecraft:gunpowder":1,"minecraft:dirt":45,"minecraft:string":3,"minecraft:lantern":1,"minecraft:wheat_seeds":1,"minecraft:oak_fence_gate":2,"minecraft:iron_nugget":8,"biomesoplenty:wildflower":1,"minecraft:sugar_cane":7,"minecraft:golden_helmet":1,"minecraft:stick":6,"minecraft:composter":1,"minecraft:torch":1,"epicfight:skillbook":1,"minecraft:porkchop":1,"minecraft:diorite":1,"minecraft:spruce_sapling":10,"minecraft:white_bed":1,"minecraft:spruce_log":24,"minecraft:carrot":1,"minecraft:leather_helmet":1,"minecraft:mossy_cobblestone":1,"minecraft:dark_oak_log":9,"minecraft:golden_chestplate":2,"alexsmobs:animal_dictionary":1,"minecraft:stone_sword":1,"minecraft:rotten_flesh":32,"minecraft:hay_block":34,"minecraft:bread":10,"minecraft:cobblestone":12,"minecraft:oxeye_daisy":1},"minecraft:broken":{"minecraft:stone_sword":1},"minecraft:dropped":{"alexsmobs:animal_dictionary":1,"minecraft:wooden_axe":1},"minecraft:custom":{"minecraft:interact_with_furnace":4,"minecraft:mob_kills":36,"minecraft:interact_with_crafting_table":12,"minecraft:open_barrel":10,"minecraft:leave_game":2,"minecraft:time_since_death":60629,"minecraft:sleep_in_bed":3,"minecraft:climb_one_cm":9388,"minecraft:time_since_rest":11477,"minecraft:sprint_one_cm":251007,"minecraft:damage_taken":560,"minecraft:walk_one_cm":450823,"minecraft:drop":2,"minecraft:damage_dealt":5215,"minecraft:player_kills":1,"minecraft:swim_one_cm":3204,"minecraft:fly_one_cm":94678,"minecraft:open_chest":39,"minecraft:crouch_one_cm":1705,"minecraft:play_time":60629,"minecraft:sneak_time":406,"minecraft:walk_under_water_one_cm":764,"minecraft:jump":411,"minecraft:walk_on_water_one_cm":7130,"minecraft:total_world_time":60629,"minecraft:interact_with_smoker":1,"minecraft:fall_one_cm":4536,"minecraft:horse_one_cm":426596},"minecraft:killed":{"minecraft:pig":1,"minecraft:vindicator":1,"minecraft:creeper":2,"minecraft:zombie":32},"minecraft:crafted":{"minecraft:wooden_shovel":1,"minecraft:crafting_table":1,"minecraft:wooden_pickaxe":1,"minecraft:bread":68,"minecraft:stick":8,"minecraft:stone_pickaxe":1,"minecraft:wooden_axe":1,"minecraft:stone_sword":2,"minecraft:dark_oak_planks":36,"minecraft:torch":12,"minecraft:wheat":216},"minecraft:mined":{"minecraft:white_bed":2,"minecraft:mossy_cobblestone":1,"biomesoplenty:wildflower":1,"minecraft:crafting_table":1,"minecraft:torch":1,"biomesoplenty:bush":2,"minecraft:grass_block":18,"minecraft:campfire":1,"minecraft:tall_grass":2,"minecraft:cobblestone":14,"minecraft:diorite":1,"minecraft:composter":1,"minecraft:sugar_cane":2,"minecraft:oxeye_daisy":1,"minecraft:spawner":2,"minecraft:hay_block":34,"minecraft:spruce_sapling":1,"minecraft:spruce_log":1,"minecraft:andesite":1,"treechop:chopped_log":1,"minecraft:grass":5,"minecraft:dirt_path":1,"minecraft:vine":6,"minecraft:oak_fence_gate":2,"minecraft:lantern":1,"minecraft:dirt":7,"minecraft:cobweb":3,"minecraft:polished_andesite":1},"minecraft:used":{"epicfight:skillbook":1,"minecraft:stone_sword":170,"minecraft:stone_pickaxe":15,"minecraft:wooden_pickaxe":10,"minecraft:wooden_shovel":25,"minecraft:torch":7,"minecraft:dirt":24,"minecraft:crafting_table":2,"minecraft:white_bed":1,"minecraft:wooden_axe":17,"minecraft:oxeye_daisy":1,"minecraft:lantern":1,"minecraft:bread":16,"minecraft:spruce_sapling":1,"minecraft:golden_helmet":1,"minecraft:cobblestone":1,"minecraft:bow":15,"minecraft:cooked_porkchop":1,"alexsmobs:animal_dictionary":1}},"DataVersion":3465}