{"stats":{"minecraft:used":{"minecraft:stone_sword":133,"iceandfire:silver_sword":26,"minecraft:bone_block":3,"minecraft:chest":3,"minecraft:shield":38,"minecraft:iron_sword":140,"minecraft:torch":25,"minecraft:dirt":5,"minecraft:honey_bottle":2,"minecraft:milk_bucket":1,"minecraft:dark_oak_planks":8,"minecraft:iron_axe":121,"minecraft:red_carpet":13,"minecraft:light_gray_bed":1,"minecraft:water_bucket":7,"minecraft:wooden_pickaxe":27,"minecraft:crafting_table":4,"eternal_tales:tikitorch":1,"minecraft:diamond_pickaxe":214,"minecraft:apple":2,"minecraft:bread":61,"minecraft:iron_pickaxe":72,"eternal_tales:starter_kit":1,"minecraft:stone_axe":46,"regions_unexplored:baobab_log":13,"minecraft:diamond_sword":257,"minecraft:cobblestone":34,"minecraft:bucket":8},"minecraft:custom":{"minecraft:mob_kills":86,"minecraft:interact_with_crafting_table":20,"minecraft:open_barrel":55,"minecraft:leave_game":5,"minecraft:time_since_death":46253,"minecraft:climb_one_cm":8294,"minecraft:sprint_one_cm":689954,"minecraft:walk_one_cm":581380,"minecraft:damage_blocked_by_shield":1230,"minecraft:drop":52,"minecraft:play_time":192286,"minecraft:sneak_time":4543,"minecraft:deaths":23,"minecraft:walk_under_water_one_cm":3262,"minecraft:jump":1888,"minecraft:interact_with_blast_furnace":1,"minecraft:walk_on_water_one_cm":7356,"minecraft:total_world_time":192286,"minecraft:interact_with_grindstone":1,"minecraft:sleep_in_bed":6,"minecraft:time_since_rest":3311,"minecraft:damage_taken":8764,"minecraft:damage_dealt":14517,"minecraft:player_kills":1,"minecraft:fly_one_cm":269609,"minecraft:open_chest":57,"minecraft:crouch_one_cm":10767,"minecraft:inspect_dispenser":3,"minecraft:fall_one_cm":26755},"minecraft:mined":{"minecraft:dark_oak_planks":2,"eternal_tales:deepslate_chlorine_ore":1,"minecraft:white_bed":1,"iceandfire:silver_ore":3,"iceandfire:copper_pile":2,"regions_unexplored:magnolia_log":108,"minecraft:brewing_stand":1,"regions_unexplored:pink_magnolia_shrub":1,"minecraft:granite":5,"eternal_tales:karst_stone":15,"biomesoplenty:bush":1,"minecraft:grass_block":6,"minecraft:light_gray_bed":1,"minecraft:birch_slab":1,"minecraft:spawner":12,"minecraft:hay_block":63,"regions_unexplored:baobab_log":22,"eternal_tales:tikitorch":1,"minecraft:iron_ore":29,"minecraft:fire":6,"minecraft:andesite":2,"regions_unexplored:white_magnolia_shrub":1,"eternal_tales:gold_chain":1,"biomesoplenty:mahogany_leaves":1,"biomesoplenty:hanging_cobweb":1,"minecraft:potatoes":1,"iceandfire:gold_pile":3,"biomesoplenty:webbing":4,"minecraft:spruce_pressure_plate":2,"minecraft:black_candle":1,"regions_unexplored:medium_grass":4,"eternal_tales:latit":2,"eternal_tales:chlorine_ore":27,"eternal_tales:limestone":6,"minecraft:stone":66,"regions_unexplored:day_lily":2,"minecraft:bone_block":27,"minecraft:birch_pressure_plate":1,"iceandfire:pixie_jar_empty":1,"regions_unexplored:dead_steppe_shrub":2,"eternal_tales:gold_lantern_top":3,"minecraft:glass_pane":3,"eternal_tales:petrified_log":3,"regions_unexplored:white_magnolia_leaves":18,"minecraft:torch":3,"minecraft:blast_furnace":1,"regions_unexplored:pink_magnolia_leaves":20,"regions_unexplored:baobab_shrub":1,"regions_unexplored:small_desert_shrub":1,"eternal_tales:budding_ruby":1,"eternal_tales:ruby_block":3,"minecraft:tall_grass":1,"minecraft:cobblestone":1,"minecraft:lapis_ore":1,"minecraft:oak_planks":1,"minecraft:wall_torch":2,"regions_unexplored:tsubaki":5,"minecraft:birch_planks":1,"minecraft:wheat":4,"regions_unexplored:steppe_grass":2,"eternal_tales:vase_et_white":4,"minecraft:grass":21,"minecraft:coal_ore":53,"minecraft:dirt":1,"minecraft:cobweb":3,"minecraft:terracotta":5,"minecraft:tripwire_hook":13,"minecraft:oak_leaves":2},"minecraft:broken":{"minecraft:leather_boots":1},"minecraft:killed_by":{"minecraft:player":3,"minecraft:skeleton":5,"minecraft:zombie":6,"iceandfire:ghost":2},"minecraft:killed":{"minecraft:cave_spider":2,"mca:male_zombie_villager":1,"minecraft:witch":2,"minecraft:spider":6,"minecraft:skeleton":15,"minecraft:parrot":1,"minecraft:bat":1,"enemyexpansion:sprinter":1,"minecraft:zombie":38,"iceandfire:ghost":3,"enemyexpansion:botfly":6},"minecraft:dropped":{"minecraft:bread":56,"minecraft:crafting_table":1,"eternal_tales:spider_man_emblem":1,"minecraft:granite":4,"minecraft:leather_helmet":1,"regions_unexplored:magnolia_sapling":7,"minecraft:item_frame":1,"minecraft:dirt":1,"eternal_tales:tea_seeds":1,"eternal_tales:raw_chlorine":1,"iceandfire:copper_nugget":14,"iceandfire:silver_sword":1,"eternal_tales:ruby_block":2,"iceandfire:silver_nugget":6,"eternal_tales:limestone_rock":5,"eternal_tales:latit":2,"minecraft:stone_sword":1,"eternal_tales:bronze_coin":4,"eternal_tales:petrified_log":3,"regions_unexplored:baobab_log":64,"minecraft:rotten_flesh":18,"minecraft:oak_planks":8,"minecraft:diamond_sword":1,"minecraft:leather_chestplate":1,"iceandfire:silver_ingot":1,"minecraft:leather_leggings":1,"eternal_tales:brown_mushrooms_et":1,"minecraft:spider_eye":6,"minecraft:bow":1,"eternal_tales:poisonoil":4,"minecraft:wooden_pickaxe":1},"minecraft:crafted":{"minecraft:oak_planks":44,"biomesoplenty:mahogany_planks":28,"minecraft:iron_axe":1,"minecraft:chest":2,"minecraft:dark_oak_planks":24,"minecraft:wheat":351,"minecraft:diamond_sword":1,"minecraft:crafting_table":5,"minecraft:iron_sword":1,"minecraft:bread":117,"minecraft:diamond_pickaxe":1,"minecraft:shield":2,"minecraft:stick":24,"minecraft:iron_pickaxe":1,"biomesoplenty:mahogany_boat":1,"minecraft:iron_leggings":1,"minecraft:torch":24},"minecraft:picked_up":{"eternal_tales:karst_stone":8,"minecraft:iron_chestplate":10,"minecraft:crafting_table":1,"regions_unexplored:magnolia_log":100,"minecraft:leather_leggings":21,"minecraft:diamond_sword":5,"minecraft:wooden_pickaxe":23,"minecraft:brewing_stand":4,"minecraft:shield":11,"minecraft:cornflower":2,"minecraft:string":48,"eternal_tales:stress_pills":6,"minecraft:iron_leggings":5,"minecraft:item_frame":2,"minecraft:compass":1,"minecraft:gold_nugget":72,"minecraft:bucket":2,"minecraft:beef":57,"eternal_tales:limestone_rock":6,"minecraft:iron_pickaxe":16,"minecraft:chest":2,"eternal_tales:starter_kit":1,"eternal_tales:spider_man_emblem":2,"regions_unexplored:day_lily":2,"minecraft:spruce_pressure_plate":2,"minecraft:stick":467,"minecraft:raw_iron":124,"eternal_tales:latit":2,"minecraft:torch":49,"minecraft:acacia_log":36,"eternal_tales:petrified_log":3,"minecraft:porkchop":5,"regions_unexplored:pink_magnolia_shrub":1,"regions_unexplored:baobab_shrub":3,"minecraft:redstone":2,"regions_unexplored:pink_magnolia_sapling":25,"minecraft:dark_oak_planks":18,"minecraft:orange_bed":2,"iceandfire:silver_ingot":3,"eternal_tales:totem_of_eternal_darkness":18,"eternal_tales:poisonoil":4,"minecraft:stone_sword":13,"minecraft:arrow":130,"minecraft:stone_shovel":17,"minecraft:light_gray_bed":1,"minecraft:rotten_flesh":86,"regions_unexplored:tsubaki":5,"minecraft:beetroot_seeds":1,"eternal_tales:illuminati_fish":1,"biomesoplenty:mahogany_sapling":6,"minecraft:hay_block":197,"eternal_tales:chlorine":49,"eternal_tales:journal":16,"minecraft:gold_ingot":6,"regions_unexplored:magnolia_sapling":7,"minecraft:bone_block":264,"minecraft:cobblestone":78,"minecraft:oxeye_daisy":3,"eternal_tales:gold_lantern":3,"minecraft:leather_chestplate":17,"minecraft:feather":19,"minecraft:tripwire_hook":11,"minecraft:birch_slab":1,"minecraft:water_bucket":5,"minecraft:andesite":8,"regions_unexplored:white_magnolia_shrub":1,"minecraft:leather":3,"minecraft:potato":12,"regions_unexplored:dead_steppe_shrub":2,"minecraft:birch_planks":33,"minecraft:oak_log":36,"biomesoplenty:mahogany_boat":3,"iceandfire:ectoplasm":1,"eternal_tales:tea_seeds":35,"mca:book_romance":26,"minecraft:lapis_lazuli":24,"minecraft:dirt":99,"eternal_tales:gold_chain":1,"minecraft:birch_pressure_plate":1,"minecraft:leather_boots":16,"minecraft:bone":276,"minecraft:red_carpet":13,"minecraft:apple":48,"iceandfire:pixie_jar_empty":3,"minecraft:bow":8,"minecraft:wheat_seeds":28,"regions_unexplored:baobab_sapling":31,"minecraft:iron_ingot":123,"minecraft:stone_pickaxe":1,"minecraft:diamond_helmet":5,"minecraft:bamboo":43,"biomesoplenty:mahogany_planks":45,"minecraft:iron_sword":13,"minecraft:oak_planks":32,"eternal_tales:witheroil":1,"iceandfire:copper_nugget":14,"minecraft:black_candle":1,"regions_unexplored:white_magnolia_sapling":10,"minecraft:dandelion":4,"eternal_tales:tikitorch":6,"minecraft:blast_furnace":1,"minecraft:white_bed":2,"minecraft:dark_oak_log":3,"minecraft:spider_eye":28,"alexsmobs:animal_dictionary":21,"minecraft:leather_helmet":13,"eternal_tales:bronze_coin":12,"eternal_tales:ruby_block":2,"biomesoplenty:mahogany_log":198,"minecraft:diamond":14,"minecraft:stone_axe":22,"iceandfire:silver_sword":5,"eternal_tales:terra_shard":25,"minecraft:chainmail_leggings":1,"minecraft:iron_helmet":1,"minecraft:granite":4,"minecraft:emerald":31,"minecraft:bread":263,"minecraft:terracotta":5,"minecraft:baked_potato":113,"minecraft:oak_sapling":3,"eternal_tales:brown_mushrooms_et":1,"iceandfire:silver_nugget":6,"minecraft:coal":253,"eternal_tales:raw_chlorine":238,"regions_unexplored:baobab_log":1328,"iceandfire:raw_silver":19,"minecraft:diamond_pickaxe":4,"minecraft:sunflower":1}},"DataVersion":3465}