{"stats":{"minecraft:custom":{"minecraft:time_since_rest":23861,"minecraft:interact_with_furnace":2,"minecraft:sprint_one_cm":74429,"minecraft:damage_taken":10,"minecraft:walk_one_cm":43729,"minecraft:mob_kills":1,"minecraft:drop":3,"minecraft:damage_dealt":100,"minecraft:swim_one_cm":7639,"minecraft:interact_with_crafting_table":2,"minecraft:fly_one_cm":461877,"minecraft:open_barrel":4,"minecraft:open_chest":3,"minecraft:crouch_one_cm":309,"minecraft:play_time":23861,"minecraft:sneak_time":762,"minecraft:walk_under_water_one_cm":334,"minecraft:jump":254,"minecraft:walk_on_water_one_cm":1683,"minecraft:time_since_death":23861,"minecraft:interact_with_smoker":2,"minecraft:total_world_time":23861,"minecraft:fall_one_cm":4124},"minecraft:picked_up":{"minecraft:stick":3,"croptopia:zucchini":2,"croptopia:ginger":1,"croptopia:turmeric":2,"croptopia:rutabaga":1,"croptopia:hops":1,"minecraft:porkchop":1,"croptopia:olive_seed":1,"croptopia:ginger_seed":1,"croptopia:rutabaga_seed":2,"croptopia:turmeric_seed":3,"croptopia:leek":2,"minecraft:spruce_log":6,"biomesoplenty:rainbow_birch_sapling":8,"croptopia:yam_seed":3,"croptopia:kiwi_seed":3,"croptopia:olive":1,"croptopia:hops_seed":1,"croptopia:squash_seed":2,"minecraft:wheat_seeds":1,"croptopia:squash":1,"croptopia:leek_seed":4,"biomesoplenty:wildflower":21,"croptopia:kiwi":2,"croptopia:zucchini_seed":4,"croptopia:yam":2},"minecraft:killed":{"minecraft:pig":1},"minecraft:dropped":{"minecraft:wheat_seeds":1,"biomesoplenty:wildflower":1,"croptopia:hops":1},"minecraft:used":{"minecraft:deepslate_emerald_ore":1,"minecraft:emerald_ore":1,"croptopia:yam":2,"minecraft:crying_obsidian":1,"minecraft:ender_pearl":19,"croptopia:zucchini":2,"biomesoplenty:rainbow_birch_sapling":9,"croptopia:rutabaga":1,"croptopia:kiwi":2,"croptopia:squash":1,"croptopia:strawberry":3,"biomesoplenty:rainbow_birch_leaves":44,"minecraft:bone_meal":29},"minecraft:crafted":{"minecraft:crafting_table":1,"minecraft:spruce_planks":12},"minecraft:mined":{"croptopia:leek_crop":2,"croptopia:ginger_crop":1,"croptopia:zucchini_crop":2,"biomesoplenty:wildflower":7,"biomesoplenty:desert_grass":3,"minecraft:spruce_log":6,"croptopia:yam_crop":2,"minecraft:short_grass":25,"croptopia:hops_crop":1,"croptopia:squash_crop":1,"croptopia:turmeric_crop":2,"croptopia:kiwi_crop":2,"croptopia:rutabaga_crop":1,"minecraft:spruce_leaves":1,"croptopia:olive_crop":1}},"DataVersion":3953}