{"stats":{"minecraft:picked_up":{"minecraft:stick":12,"minecraft:wheat_seeds":2,"minecraft:acacia_log":4,"regions_unexplored:baobab_sapling":7,"regions_unexplored:baobab_shrub":1,"minecraft:bone_block":16,"eternal_tales:starter_kit":1,"regions_unexplored:baobab_log":77,"minecraft:oxeye_daisy":1},"minecraft:custom":{"minecraft:time_since_rest":21952,"minecraft:open_chest":1,"minecraft:crouch_one_cm":1429,"minecraft:sprint_one_cm":47098,"minecraft:play_time":21952,"minecraft:damage_taken":7,"minecraft:walk_one_cm":39095,"minecraft:sneak_time":416,"minecraft:jump":91,"minecraft:damage_dealt":14,"minecraft:leave_game":2,"minecraft:time_since_death":21952,"minecraft:total_world_time":21952,"minecraft:fall_one_cm":1523,"minecraft:fly_one_cm":15859},"minecraft:mined":{"biomesoplenty:bush":1,"minecraft:grass":18,"regions_unexplored:baobab_log":21,"regions_unexplored:baobab_shrub":1,"minecraft:tall_grass":1,"minecraft:bone_block":16,"treechop:chopped_log":2,"minecraft:oak_leaves":2},"minecraft:used":{"minecraft:stone_axe":35,"minecraft:apple":1,"eternal_tales:starter_kit":1,"minecraft:wooden_pickaxe":18}},"DataVersion":3465}