{"stats":{"minecraft:picked_up":{"minecraft:wooden_axe":4,"minecraft:charcoal":2,"minecraft:crafting_table":1,"minecraft:wheat":12,"minecraft:lead":1,"alexsmobs:acacia_blossom":1,"minecraft:acacia_wood":1,"minecraft:gunpowder":1,"minecraft:dirt":45,"minecraft:string":3,"minecraft:lantern":1,"minecraft:red_carpet":2,"minecraft:wheat_seeds":1,"minecraft:oak_fence_gate":2,"minecraft:iron_nugget":8,"biomesoplenty:wildflower":1,"minecraft:sugar_cane":7,"minecraft:golden_helmet":1,"minecraft:stick":6,"minecraft:composter":1,"minecraft:torch":1,"epicfight:skillbook":1,"minecraft:porkchop":1,"minecraft:acacia_stairs":3,"minecraft:diorite":1,"minecraft:spruce_sapling":10,"minecraft:white_bed":1,"minecraft:spruce_log":24,"minecraft:carrot":1,"minecraft:leather_helmet":1,"minecraft:mossy_cobblestone":1,"minecraft:dark_oak_log":9,"minecraft:golden_chestplate":2,"alexsmobs:animal_dictionary":1,"minecraft:orange_bed":3,"minecraft:stone_sword":1,"minecraft:rotten_flesh":32,"minecraft:hay_block":34,"minecraft:bread":10,"minecraft:melon_seeds":1,"minecraft:cobblestone":24,"minecraft:oxeye_daisy":1},"minecraft:broken":{"minecraft:stone_sword":1},"minecraft:dropped":{"minecraft:bread":1,"alexsmobs:animal_dictionary":1,"minecraft:melon_seeds":1,"minecraft:wooden_axe":1},"minecraft:custom":{"minecraft:interact_with_furnace":5,"minecraft:mob_kills":37,"minecraft:interact_with_cartography_table":1,"minecraft:interact_with_crafting_table":14,"minecraft:open_barrel":16,"minecraft:leave_game":2,"minecraft:time_since_death":78629,"minecraft:sleep_in_bed":3,"minecraft:climb_one_cm":9388,"minecraft:time_since_rest":29477,"minecraft:sprint_one_cm":299987,"minecraft:damage_taken":583,"minecraft:walk_one_cm":520163,"minecraft:drop":4,"minecraft:damage_dealt":5537,"minecraft:player_kills":1,"minecraft:swim_one_cm":3204,"minecraft:fly_one_cm":118257,"minecraft:open_chest":47,"minecraft:crouch_one_cm":1956,"minecraft:play_time":78629,"minecraft:sneak_time":472,"minecraft:walk_under_water_one_cm":764,"minecraft:jump":480,"minecraft:interact_with_blast_furnace":2,"minecraft:walk_on_water_one_cm":7130,"minecraft:total_world_time":78629,"minecraft:interact_with_smoker":1,"minecraft:fall_one_cm":7346,"minecraft:horse_one_cm":638480},"minecraft:killed":{"minecraft:pig":1,"minecraft:vindicator":1,"minecraft:creeper":2,"minecraft:skeleton":1,"minecraft:zombie":32},"minecraft:crafted":{"minecraft:wooden_shovel":1,"minecraft:crafting_table":2,"minecraft:wooden_pickaxe":1,"minecraft:furnace":1,"minecraft:bread":68,"minecraft:stick":8,"minecraft:stone_pickaxe":1,"minecraft:wooden_axe":1,"minecraft:chest":2,"minecraft:stone_sword":2,"minecraft:dark_oak_planks":36,"minecraft:torch":12,"minecraft:wheat":216},"minecraft:mined":{"minecraft:red_carpet":1,"minecraft:white_bed":2,"minecraft:mossy_cobblestone":1,"biomesoplenty:wildflower":1,"minecraft:crafting_table":1,"minecraft:torch":1,"biomesoplenty:bush":2,"minecraft:grass_block":18,"minecraft:campfire":1,"minecraft:tall_grass":2,"minecraft:cobblestone":14,"minecraft:diorite":1,"minecraft:composter":1,"minecraft:sugar_cane":2,"minecraft:oxeye_daisy":1,"minecraft:spawner":2,"minecraft:hay_block":34,"minecraft:spruce_sapling":1,"minecraft:acacia_wood":1,"minecraft:acacia_stairs":3,"minecraft:spruce_log":1,"minecraft:andesite":1,"treechop:chopped_log":1,"minecraft:grass":6,"minecraft:dirt_path":1,"minecraft:vine":6,"minecraft:oak_fence_gate":2,"minecraft:lantern":1,"minecraft:dirt":7,"minecraft:cobweb":3,"minecraft:stone":12,"minecraft:polished_andesite":1,"minecraft:orange_bed":3},"minecraft:used":{"epicfight:skillbook":1,"minecraft:stone_sword":177,"minecraft:stone_pickaxe":27,"minecraft:chest":2,"minecraft:wooden_pickaxe":10,"minecraft:wooden_shovel":25,"minecraft:orange_bed":3,"minecraft:torch":7,"minecraft:dirt":24,"minecraft:crafting_table":3,"minecraft:white_bed":1,"minecraft:wooden_axe":21,"minecraft:acacia_stairs":3,"minecraft:oxeye_daisy":1,"minecraft:lantern":1,"minecraft:bread":17,"minecraft:spruce_sapling":1,"minecraft:golden_helmet":1,"minecraft:red_carpet":2,"minecraft:cobblestone":1,"minecraft:bow":15,"minecraft:furnace":1,"minecraft:cooked_porkchop":1,"alexsmobs:animal_dictionary":1}},"DataVersion":3465}