{"stats":{"minecraft:picked_up":{"minecraft:stick":186,"minecraft:leather_chestplate":6,"minecraft:leather_leggings":7,"minecraft:dandelion":4,"minecraft:wooden_pickaxe":12,"minecraft:acacia_log":28,"minecraft:oak_log":30,"eternal_tales:tikitorch":5,"regions_unexplored:baobab_shrub":3,"eternal_tales:tea_seeds":8,"mca:book_romance":12,"minecraft:cornflower":2,"minecraft:dirt":60,"alexsmobs:animal_dictionary":8,"minecraft:leather_helmet":1,"biomesoplenty:mahogany_log":108,"minecraft:leather_boots":6,"eternal_tales:stress_pills":3,"minecraft:stone_sword":8,"eternal_tales:totem_of_eternal_darkness":12,"minecraft:arrow":68,"minecraft:bone":63,"minecraft:stone_shovel":6,"minecraft:bow":2,"minecraft:stone_axe":6,"minecraft:wheat_seeds":8,"biomesoplenty:mahogany_sapling":6,"eternal_tales:terra_shard":3,"regions_unexplored:baobab_sapling":31,"eternal_tales:chlorine":24,"eternal_tales:journal":6,"minecraft:iron_ingot":19,"minecraft:bamboo":20,"minecraft:oak_sapling":2,"minecraft:chest":2,"regions_unexplored:baobab_log":818,"eternal_tales:starter_kit":1,"minecraft:bone_block":112,"minecraft:oxeye_daisy":3},"minecraft:custom":{"minecraft:time_since_rest":1201,"minecraft:sprint_one_cm":83154,"minecraft:damage_taken":1803,"minecraft:walk_one_cm":98629,"minecraft:mob_kills":16,"minecraft:drop":3,"minecraft:damage_dealt":3092,"minecraft:interact_with_crafting_table":1,"minecraft:player_kills":1,"minecraft:fly_one_cm":20701,"minecraft:open_chest":4,"minecraft:crouch_one_cm":2050,"minecraft:play_time":33952,"minecraft:deaths":6,"minecraft:sneak_time":552,"minecraft:walk_under_water_one_cm":147,"minecraft:jump":144,"minecraft:leave_game":2,"minecraft:time_since_death":1173,"minecraft:walk_on_water_one_cm":528,"minecraft:climb_one_cm":800,"minecraft:total_world_time":33952,"minecraft:fall_one_cm":1523},"minecraft:killed_by":{"minecraft:skeleton":5,"minecraft:zombie":1},"minecraft:mined":{"regions_unexplored:baobab_log":22,"treechop:chopped_log":2,"eternal_tales:vase_et_white":4,"minecraft:grass":18,"biomesoplenty:bush":1,"regions_unexplored:baobab_shrub":1,"minecraft:tall_grass":1,"minecraft:bone_block":16,"minecraft:oak_leaves":2,"minecraft:spawner":2},"minecraft:dropped":{"minecraft:stone_sword":1,"regions_unexplored:baobab_log":64},"minecraft:used":{"minecraft:apple":2,"minecraft:stone_sword":133,"minecraft:chest":1,"eternal_tales:starter_kit":1,"minecraft:wooden_pickaxe":25,"regions_unexplored:baobab_log":6,"minecraft:stone_axe":35,"minecraft:crafting_table":1},"minecraft:killed":{"minecraft:skeleton":11,"minecraft:zombie":2,"iceandfire:ghost":1,"minecraft:witch":1},"minecraft:crafted":{"minecraft:oak_planks":4,"minecraft:crafting_table":1}},"DataVersion":3465}