{"stats":{"minecraft:picked_up":{"minecraft:wooden_axe":4,"minecraft:charcoal":2,"minecraft:crafting_table":1,"minecraft:wheat":13,"minecraft:lead":1,"alexsmobs:acacia_blossom":1,"minecraft:acacia_wood":1,"iceandfire:pixie_jar_2":1,"minecraft:gunpowder":1,"minecraft:dirt":45,"minecraft:string":3,"minecraft:lantern":6,"minecraft:red_carpet":2,"minecraft:bone":1,"minecraft:wheat_seeds":5,"minecraft:oak_fence_gate":2,"minecraft:iron_nugget":8,"biomesoplenty:wildflower":1,"minecraft:sugar_cane":7,"minecraft:golden_helmet":1,"minecraft:stick":9,"minecraft:composter":1,"minecraft:torch":4,"epicfight:skillbook":1,"minecraft:sand":7,"minecraft:porkchop":1,"minecraft:green_carpet":2,"minecraft:acacia_stairs":3,"minecraft:diorite":1,"minecraft:spruce_sapling":10,"minecraft:white_bed":1,"minecraft:spruce_log":24,"minecraft:carrot":1,"minecraft:leather_helmet":1,"minecraft:mossy_cobblestone":1,"minecraft:dark_oak_log":9,"minecraft:golden_chestplate":2,"alexsmobs:animal_dictionary":1,"minecraft:orange_bed":3,"minecraft:arrow":4,"minecraft:stone_sword":1,"minecraft:rotten_flesh":38,"minecraft:hay_block":40,"minecraft:bread":11,"biomesoplenty:pink_daffodil":9,"minecraft:melon_seeds":3,"minecraft:coal":22,"minecraft:bone_block":7,"minecraft:cobblestone":27,"minecraft:oxeye_daisy":1},"minecraft:broken":{"minecraft:stone_sword":1},"minecraft:dropped":{"minecraft:bread":7,"minecraft:wheat_seeds":1,"alexsmobs:animal_dictionary":1,"minecraft:melon_seeds":1,"minecraft:wooden_axe":1},"minecraft:custom":{"minecraft:interact_with_furnace":10,"minecraft:mob_kills":45,"minecraft:interact_with_cartography_table":1,"minecraft:interact_with_crafting_table":17,"minecraft:open_barrel":16,"minecraft:leave_game":2,"minecraft:time_since_death":102629,"minecraft:sleep_in_bed":3,"minecraft:climb_one_cm":9388,"minecraft:time_since_rest":53477,"minecraft:sprint_one_cm":439647,"minecraft:damage_taken":764,"minecraft:walk_one_cm":644052,"minecraft:drop":11,"minecraft:damage_dealt":6847,"minecraft:player_kills":1,"minecraft:swim_one_cm":5814,"minecraft:fly_one_cm":206091,"minecraft:open_chest":66,"minecraft:crouch_one_cm":2163,"minecraft:play_time":102629,"minecraft:sneak_time":556,"minecraft:walk_under_water_one_cm":2691,"minecraft:jump":784,"minecraft:interact_with_blast_furnace":2,"minecraft:walk_on_water_one_cm":24325,"minecraft:total_world_time":102629,"minecraft:interact_with_smoker":2,"minecraft:fall_one_cm":17095,"minecraft:horse_one_cm":640328},"minecraft:killed":{"minecraft:pig":1,"minecraft:zombie_villager":1,"minecraft:vindicator":1,"minecraft:creeper":2,"minecraft:skeleton":3,"minecraft:zombie":37},"minecraft:crafted":{"minecraft:wooden_shovel":1,"minecraft:crafting_table":2,"minecraft:wooden_pickaxe":1,"minecraft:furnace":1,"iceandfire:pixie_jar_empty":1,"minecraft:bread":68,"minecraft:air":0,"minecraft:glass":7,"minecraft:stick":8,"minecraft:stone_pickaxe":1,"minecraft:wooden_axe":1,"minecraft:chest":2,"minecraft:stone_sword":2,"minecraft:dark_oak_planks":36,"minecraft:torch":12,"minecraft:wheat":216},"minecraft:mined":{"minecraft:red_carpet":1,"minecraft:white_bed":2,"minecraft:mossy_cobblestone":1,"minecraft:dark_oak_leaves":1,"biomesoplenty:wildflower":1,"minecraft:crafting_table":1,"minecraft:torch":3,"biomesoplenty:bush":3,"minecraft:grass_block":18,"minecraft:campfire":1,"biomesoplenty:high_grass_plant":13,"minecraft:tall_grass":2,"minecraft:cobblestone":14,"minecraft:diorite":1,"minecraft:composter":1,"minecraft:sugar_cane":2,"minecraft:oxeye_daisy":1,"minecraft:wall_torch":1,"minecraft:spawner":2,"minecraft:hay_block":40,"minecraft:spruce_sapling":1,"biomesoplenty:pink_daffodil":10,"minecraft:acacia_wood":1,"minecraft:acacia_stairs":3,"minecraft:spruce_log":1,"minecraft:andesite":1,"treechop:chopped_log":1,"minecraft:grass":32,"biomesoplenty:high_grass":2,"minecraft:coal_ore":22,"minecraft:dirt_path":1,"minecraft:vine":6,"minecraft:oak_fence_gate":2,"minecraft:lantern":6,"minecraft:sand":7,"minecraft:dirt":7,"minecraft:green_carpet":2,"minecraft:cobweb":3,"minecraft:stone":15,"minecraft:polished_andesite":1,"minecraft:bone_block":7,"minecraft:oak_leaves":2,"minecraft:orange_bed":3},"minecraft:used":{"epicfight:skillbook":1,"minecraft:stone_sword":204,"minecraft:stone_pickaxe":67,"minecraft:chest":2,"minecraft:wooden_pickaxe":10,"minecraft:wooden_shovel":25,"minecraft:orange_bed":3,"minecraft:torch":12,"minecraft:dirt":24,"minecraft:crafting_table":3,"minecraft:white_bed":1,"minecraft:wooden_axe":21,"minecraft:acacia_stairs":3,"minecraft:oxeye_daisy":1,"minecraft:lantern":1,"minecraft:bread":24,"minecraft:spruce_sapling":1,"minecraft:golden_helmet":1,"minecraft:red_carpet":2,"minecraft:cobblestone":1,"minecraft:bow":18,"minecraft:furnace":1,"minecraft:cooked_porkchop":1,"alexsmobs:animal_dictionary":1}},"DataVersion":3465}