{"stats":{"minecraft:picked_up":{"minecraft:leather_chestplate":9,"minecraft:leather_leggings":11,"minecraft:wooden_pickaxe":18,"minecraft:oak_log":30,"minecraft:brewing_stand":1,"minecraft:shield":3,"eternal_tales:tea_seeds":9,"mca:book_romance":18,"minecraft:cornflower":2,"minecraft:dirt":90,"eternal_tales:stress_pills":3,"minecraft:leather_boots":9,"minecraft:bone":108,"minecraft:bow":7,"minecraft:wheat_seeds":9,"regions_unexplored:baobab_sapling":31,"minecraft:iron_ingot":23,"minecraft:bamboo":31,"minecraft:chest":2,"minecraft:iron_sword":3,"minecraft:oak_planks":32,"eternal_tales:starter_kit":1,"minecraft:stick":270,"minecraft:acacia_log":36,"minecraft:dandelion":4,"eternal_tales:tikitorch":6,"regions_unexplored:baobab_shrub":3,"alexsmobs:animal_dictionary":12,"minecraft:leather_helmet":2,"eternal_tales:bronze_coin":1,"eternal_tales:poisonoil":4,"minecraft:arrow":102,"eternal_tales:totem_of_eternal_darkness":16,"biomesoplenty:mahogany_log":162,"minecraft:stone_sword":10,"minecraft:stone_shovel":9,"minecraft:stone_axe":11,"biomesoplenty:mahogany_sapling":6,"eternal_tales:terra_shard":6,"minecraft:hay_block":39,"eternal_tales:journal":9,"eternal_tales:chlorine":36,"minecraft:oak_sapling":2,"minecraft:bone_block":160,"regions_unexplored:baobab_log":1124,"minecraft:oxeye_daisy":3},"minecraft:custom":{"minecraft:mob_kills":16,"minecraft:interact_with_crafting_table":5,"minecraft:leave_game":2,"minecraft:time_since_death":20768,"minecraft:sleep_in_bed":1,"minecraft:climb_one_cm":3372,"minecraft:time_since_rest":6045,"minecraft:sprint_one_cm":173685,"minecraft:damage_taken":2870,"minecraft:walk_one_cm":185869,"minecraft:damage_blocked_by_shield":280,"minecraft:drop":7,"minecraft:damage_dealt":3340,"minecraft:fly_one_cm":38183,"minecraft:player_kills":1,"minecraft:open_chest":13,"minecraft:crouch_one_cm":3740,"minecraft:play_time":57952,"minecraft:deaths":9,"minecraft:sneak_time":996,"minecraft:walk_under_water_one_cm":147,"minecraft:jump":291,"minecraft:walk_on_water_one_cm":528,"minecraft:total_world_time":57952,"minecraft:fall_one_cm":3828},"minecraft:killed_by":{"minecraft:skeleton":5,"minecraft:zombie":1},"minecraft:mined":{"minecraft:glass_pane":3,"minecraft:brewing_stand":1,"biomesoplenty:bush":1,"regions_unexplored:baobab_shrub":1,"minecraft:tall_grass":1,"minecraft:oak_planks":1,"minecraft:spawner":2,"minecraft:hay_block":42,"regions_unexplored:baobab_log":22,"eternal_tales:tikitorch":1,"minecraft:fire":6,"minecraft:wheat":3,"treechop:chopped_log":2,"eternal_tales:vase_et_white":4,"minecraft:potatoes":1,"minecraft:grass":19,"minecraft:bone_block":16,"minecraft:oak_leaves":2},"minecraft:dropped":{"minecraft:bread":20,"minecraft:stone_sword":1,"minecraft:crafting_table":1,"regions_unexplored:baobab_log":64,"minecraft:oak_planks":6,"minecraft:leather_leggings":1},"minecraft:used":{"minecraft:stone_sword":133,"minecraft:shield":13,"minecraft:chest":1,"minecraft:wooden_pickaxe":27,"minecraft:iron_sword":17,"minecraft:crafting_table":2,"eternal_tales:tikitorch":1,"minecraft:apple":2,"minecraft:bread":9,"eternal_tales:starter_kit":1,"minecraft:stone_axe":40,"regions_unexplored:baobab_log":13},"minecraft:killed":{"minecraft:witch":1,"minecraft:skeleton":11,"minecraft:zombie":2,"iceandfire:ghost":1},"minecraft:crafted":{"minecraft:oak_planks":20,"minecraft:crafting_table":3,"minecraft:iron_sword":1,"minecraft:bread":42,"minecraft:shield":1,"minecraft:wheat":126}},"DataVersion":3465}