{"stats":{"minecraft:picked_up":{"minecraft:stick":1,"minecraft:composter":1,"alexsmobs:acacia_blossom":1,"minecraft:spruce_sapling":4,"minecraft:bread":10,"minecraft:spruce_log":11,"biomesoplenty:wildflower":1,"minecraft:dark_oak_log":9,"alexsmobs:animal_dictionary":1,"minecraft:oxeye_daisy":1},"minecraft:dropped":{"alexsmobs:animal_dictionary":1},"minecraft:custom":{"minecraft:time_since_rest":12629,"minecraft:crouch_one_cm":1448,"minecraft:play_time":12629,"minecraft:sprint_one_cm":75843,"minecraft:damage_taken":20,"minecraft:walk_one_cm":101023,"minecraft:sneak_time":250,"minecraft:drop":1,"minecraft:jump":196,"minecraft:damage_dealt":100,"minecraft:leave_game":2,"minecraft:time_since_death":12629,"minecraft:climb_one_cm":4455,"minecraft:total_world_time":12629,"minecraft:interact_with_crafting_table":1,"minecraft:fall_one_cm":2328,"minecraft:fly_one_cm":28917},"minecraft:crafted":{"minecraft:dark_oak_planks":12,"minecraft:crafting_table":1,"minecraft:stick":8,"minecraft:wooden_axe":1},"minecraft:mined":{"minecraft:grass":1,"biomesoplenty:bush":1,"minecraft:spruce_sapling":1,"biomesoplenty:wildflower":1,"minecraft:spruce_log":1,"minecraft:composter":1,"minecraft:oxeye_daisy":1},"minecraft:used":{"minecraft:wooden_axe":1,"minecraft:oxeye_daisy":1,"minecraft:bread":3,"minecraft:spruce_sapling":1}},"DataVersion":3465}