{"stats":{"minecraft:picked_up":{"minecraft:crafting_table":1,"alexsmobs:acacia_blossom":1,"minecraft:gunpowder":1,"minecraft:dirt":41,"minecraft:string":3,"minecraft:lantern":1,"minecraft:wheat_seeds":1,"biomesoplenty:wildflower":1,"minecraft:sugar_cane":7,"minecraft:stick":6,"minecraft:composter":1,"minecraft:porkchop":1,"minecraft:spruce_sapling":10,"minecraft:white_bed":1,"minecraft:spruce_log":24,"minecraft:carrot":1,"minecraft:dark_oak_log":9,"minecraft:golden_chestplate":2,"alexsmobs:animal_dictionary":1,"minecraft:rotten_flesh":10,"minecraft:hay_block":18,"minecraft:bread":10,"minecraft:cobblestone":3,"minecraft:oxeye_daisy":1},"minecraft:dropped":{"alexsmobs:animal_dictionary":1},"minecraft:custom":{"minecraft:interact_with_furnace":3,"minecraft:mob_kills":13,"minecraft:interact_with_crafting_table":6,"minecraft:open_barrel":2,"minecraft:leave_game":2,"minecraft:time_since_death":36629,"minecraft:sleep_in_bed":1,"minecraft:climb_one_cm":7306,"minecraft:time_since_rest":14301,"minecraft:sprint_one_cm":193204,"minecraft:damage_taken":371,"minecraft:walk_one_cm":272671,"minecraft:drop":1,"minecraft:damage_dealt":1982,"minecraft:swim_one_cm":3204,"minecraft:fly_one_cm":84890,"minecraft:open_chest":19,"minecraft:crouch_one_cm":1705,"minecraft:play_time":36629,"minecraft:sneak_time":400,"minecraft:walk_under_water_one_cm":764,"minecraft:jump":372,"minecraft:walk_on_water_one_cm":7130,"minecraft:total_world_time":36629,"minecraft:interact_with_smoker":1,"minecraft:fall_one_cm":4327},"minecraft:killed":{"minecraft:pig":1,"minecraft:creeper":1,"minecraft:zombie":11},"minecraft:crafted":{"minecraft:wooden_shovel":1,"minecraft:crafting_table":1,"minecraft:wooden_pickaxe":1,"minecraft:bread":54,"minecraft:stick":8,"minecraft:wooden_axe":1,"minecraft:stone_sword":1,"minecraft:dark_oak_planks":36,"minecraft:torch":12,"minecraft:wheat":162},"minecraft:mined":{"minecraft:white_bed":1,"biomesoplenty:wildflower":1,"minecraft:crafting_table":1,"biomesoplenty:bush":2,"minecraft:grass_block":18,"minecraft:tall_grass":2,"minecraft:cobblestone":3,"minecraft:composter":1,"minecraft:sugar_cane":2,"minecraft:oxeye_daisy":1,"minecraft:spawner":1,"minecraft:hay_block":18,"minecraft:spruce_sapling":1,"minecraft:spruce_log":1,"treechop:chopped_log":1,"minecraft:grass":5,"minecraft:dirt_path":1,"minecraft:vine":3,"minecraft:lantern":1,"minecraft:dirt":3,"minecraft:cobweb":3},"minecraft:used":{"minecraft:stone_sword":63,"minecraft:wooden_pickaxe":7,"minecraft:wooden_shovel":25,"minecraft:torch":4,"minecraft:dirt":20,"minecraft:crafting_table":2,"minecraft:white_bed":1,"minecraft:wooden_axe":14,"minecraft:oxeye_daisy":1,"minecraft:lantern":1,"minecraft:bread":10,"minecraft:spruce_sapling":1,"minecraft:bow":9,"alexsmobs:animal_dictionary":1}},"DataVersion":3465}