{"stats":{"minecraft:picked_up":{"minecraft:iron_chestplate":1,"minecraft:crafting_table":1,"minecraft:leather_leggings":20,"minecraft:wooden_pickaxe":23,"minecraft:brewing_stand":4,"minecraft:shield":6,"minecraft:cornflower":2,"minecraft:string":8,"eternal_tales:stress_pills":6,"minecraft:gold_nugget":72,"minecraft:bucket":1,"minecraft:beef":33,"minecraft:iron_pickaxe":10,"minecraft:chest":2,"eternal_tales:starter_kit":1,"eternal_tales:spider_man_emblem":2,"minecraft:stick":352,"minecraft:raw_iron":4,"minecraft:torch":4,"minecraft:acacia_log":36,"minecraft:porkchop":5,"regions_unexplored:baobab_shrub":3,"minecraft:redstone":2,"minecraft:dark_oak_planks":4,"minecraft:stone_shovel":16,"minecraft:orange_bed":2,"minecraft:stone_sword":13,"eternal_tales:totem_of_eternal_darkness":18,"eternal_tales:poisonoil":4,"iceandfire:silver_ingot":3,"minecraft:arrow":124,"minecraft:light_gray_bed":1,"minecraft:rotten_flesh":10,"eternal_tales:illuminati_fish":1,"biomesoplenty:mahogany_sapling":6,"minecraft:hay_block":164,"eternal_tales:chlorine":49,"eternal_tales:journal":15,"minecraft:gold_ingot":6,"minecraft:bone_block":240,"minecraft:cobblestone":1,"minecraft:oxeye_daisy":3,"minecraft:leather_chestplate":17,"minecraft:feather":19,"minecraft:tripwire_hook":9,"minecraft:leather":3,"minecraft:potato":12,"minecraft:birch_planks":33,"minecraft:oak_log":30,"biomesoplenty:mahogany_boat":3,"eternal_tales:tea_seeds":35,"mca:book_romance":26,"minecraft:dirt":92,"minecraft:birch_pressure_plate":1,"minecraft:leather_boots":14,"minecraft:bone":235,"minecraft:apple":40,"iceandfire:pixie_jar_empty":3,"minecraft:bow":8,"minecraft:wheat_seeds":25,"regions_unexplored:baobab_sapling":31,"minecraft:iron_ingot":71,"minecraft:stone_pickaxe":1,"minecraft:bamboo":43,"biomesoplenty:mahogany_planks":45,"minecraft:oak_planks":32,"minecraft:iron_sword":8,"eternal_tales:witheroil":1,"iceandfire:copper_nugget":14,"minecraft:dandelion":4,"eternal_tales:tikitorch":6,"minecraft:dark_oak_log":3,"minecraft:spider_eye":12,"alexsmobs:animal_dictionary":20,"minecraft:leather_helmet":12,"eternal_tales:bronze_coin":12,"biomesoplenty:mahogany_log":198,"minecraft:diamond":4,"minecraft:stone_axe":17,"iceandfire:silver_sword":5,"eternal_tales:terra_shard":19,"minecraft:chainmail_leggings":1,"minecraft:iron_helmet":1,"minecraft:emerald":31,"minecraft:bread":109,"minecraft:baked_potato":24,"minecraft:oak_sapling":2,"eternal_tales:brown_mushrooms_et":1,"iceandfire:silver_nugget":6,"eternal_tales:raw_chlorine":25,"minecraft:coal":46,"regions_unexplored:baobab_log":1328,"iceandfire:raw_silver":7,"minecraft:sunflower":1},"minecraft:custom":{"minecraft:mob_kills":30,"minecraft:interact_with_crafting_table":9,"minecraft:open_barrel":11,"minecraft:leave_game":2,"minecraft:time_since_death":1893,"minecraft:climb_one_cm":3372,"minecraft:sprint_one_cm":190371,"minecraft:walk_one_cm":248667,"minecraft:damage_blocked_by_shield":330,"minecraft:drop":22,"minecraft:sneak_time":2400,"minecraft:play_time":81952,"minecraft:deaths":18,"minecraft:walk_under_water_one_cm":1292,"minecraft:jump":385,"minecraft:walk_on_water_one_cm":1622,"minecraft:total_world_time":81952,"minecraft:sleep_in_bed":1,"minecraft:time_since_rest":1943,"minecraft:damage_taken":5148,"minecraft:damage_dealt":5120,"minecraft:player_kills":1,"minecraft:fly_one_cm":45195,"minecraft:open_chest":23,"minecraft:crouch_one_cm":7107,"minecraft:fall_one_cm":5003},"minecraft:killed_by":{"minecraft:player":3,"minecraft:skeleton":5,"minecraft:zombie":4},"minecraft:mined":{"iceandfire:copper_pile":2,"minecraft:brewing_stand":1,"biomesoplenty:bush":1,"minecraft:light_gray_bed":1,"minecraft:spawner":4,"minecraft:hay_block":42,"regions_unexplored:baobab_log":22,"eternal_tales:tikitorch":1,"minecraft:fire":6,"treechop:chopped_log":2,"minecraft:potatoes":1,"iceandfire:gold_pile":3,"minecraft:bone_block":18,"minecraft:birch_pressure_plate":1,"iceandfire:pixie_jar_empty":1,"minecraft:glass_pane":3,"regions_unexplored:baobab_shrub":1,"minecraft:tall_grass":1,"minecraft:oak_planks":1,"minecraft:wall_torch":1,"minecraft:birch_planks":1,"minecraft:wheat":3,"eternal_tales:vase_et_white":4,"minecraft:grass":19,"minecraft:tripwire_hook":10,"minecraft:oak_leaves":2},"minecraft:dropped":{"minecraft:bread":43,"minecraft:crafting_table":1,"eternal_tales:spider_man_emblem":1,"minecraft:dirt":1,"eternal_tales:tea_seeds":1,"iceandfire:copper_nugget":14,"iceandfire:silver_sword":1,"iceandfire:silver_nugget":6,"minecraft:stone_sword":1,"eternal_tales:bronze_coin":4,"regions_unexplored:baobab_log":64,"minecraft:oak_planks":8,"minecraft:leather_chestplate":1,"iceandfire:silver_ingot":1,"minecraft:leather_leggings":1,"eternal_tales:brown_mushrooms_et":1,"minecraft:bow":1,"eternal_tales:poisonoil":4,"minecraft:wooden_pickaxe":1},"minecraft:used":{"minecraft:stone_sword":133,"iceandfire:silver_sword":26,"minecraft:bone_block":3,"minecraft:chest":1,"minecraft:shield":14,"minecraft:iron_sword":48,"minecraft:torch":1,"minecraft:light_gray_bed":1,"minecraft:wooden_pickaxe":27,"minecraft:crafting_table":4,"eternal_tales:tikitorch":1,"minecraft:apple":2,"minecraft:bread":12,"minecraft:iron_pickaxe":15,"eternal_tales:starter_kit":1,"minecraft:stone_axe":40,"regions_unexplored:baobab_log":13},"minecraft:killed":{"minecraft:witch":1,"minecraft:skeleton":11,"minecraft:parrot":1,"minecraft:zombie":8,"iceandfire:ghost":1},"minecraft:crafted":{"minecraft:oak_planks":20,"biomesoplenty:mahogany_planks":28,"minecraft:dark_oak_planks":12,"minecraft:wheat":126,"minecraft:crafting_table":5,"minecraft:iron_sword":1,"minecraft:bread":42,"minecraft:shield":2,"minecraft:iron_pickaxe":1,"biomesoplenty:mahogany_boat":1,"minecraft:iron_leggings":1}},"DataVersion":3465}