{"stats":{"minecraft:mined":{"regions_unexplored:stone_bud":4,"iceandfire:silver_ore":2,"minecraft:birch_log":7,"regions_unexplored:maple_log":9,"treechop:chopped_log":1,"minecraft:crafting_table":1,"minecraft:grass":2,"minecraft:potatoes":2,"minecraft:coal_ore":49,"minecraft:cobweb":1,"minecraft:tall_grass":2,"minecraft:stone":13,"minecraft:fern":1},"minecraft:dropped":{"minecraft:iron_ingot":2,"minecraft:baked_potato":26,"minecraft:wooden_pickaxe":1},"minecraft:killed":{"eternal_tales:interdimensional_zombie":8,"eternal_tales:interdimensional_banshee":1,"iceandfire:ghost":2,"eternal_tales:interdimensionipyre":4,"eternal_tales:dimensioner":2},"minecraft:picked_up":{"minecraft:birch_log":7,"minecraft:stick":2,"minecraft:crafting_table":1,"minecraft:potato":35,"minecraft:shield":2,"minecraft:prismarine_crystals":3,"minecraft:string":1,"minecraft:cornflower":1,"eternal_tales:broken_totem_of_rash_decisions":1,"minecraft:wheat_seeds":2,"regions_unexplored:maple_log":10,"minecraft:poppy":1,"minecraft:baked_potato":38,"minecraft:coal":51,"iceandfire:raw_silver":2,"eternal_tales:starter_kit":1,"minecraft:cobblestone":13,"eternal_tales:artemisia_ludoviciana":1},"minecraft:custom":{"minecraft:time_since_rest":906,"minecraft:sprint_one_cm":40882,"minecraft:damage_taken":848,"minecraft:walk_one_cm":83113,"minecraft:damage_blocked_by_shield":785,"minecraft:mob_kills":17,"minecraft:drop":4,"minecraft:damage_dealt":6646,"minecraft:player_kills":1,"minecraft:interact_with_crafting_table":3,"minecraft:fly_one_cm":57282,"minecraft:open_chest":7,"minecraft:crouch_one_cm":10251,"minecraft:play_time":28379,"minecraft:interact_with_campfire":35,"minecraft:sneak_time":3794,"minecraft:walk_under_water_one_cm":3432,"minecraft:jump":315,"minecraft:climb_one_cm":2251,"minecraft:walk_on_water_one_cm":3353,"minecraft:time_since_death":28379,"minecraft:sleep_in_bed":3,"minecraft:total_world_time":28379,"minecraft:fall_one_cm":7452},"minecraft:crafted":{"minecraft:crafting_table":1,"minecraft:stick":4,"regions_unexplored:maple_planks":40,"minecraft:stone_pickaxe":1,"minecraft:iron_sword":1},"minecraft:used":{"minecraft:cornflower":1,"minecraft:stone_sword":118,"minecraft:bread":3,"minecraft:stone_pickaxe":64,"minecraft:baked_potato":12,"minecraft:shield":21,"eternal_tales:starter_kit":1,"minecraft:wooden_pickaxe":4,"minecraft:iron_sword":29,"minecraft:stone_axe":23,"minecraft:crafting_table":2,"minecraft:potato":16}},"DataVersion":3465}