{"stats":{"minecraft:dropped":{"minecraft:baked_potato":26,"minecraft:wooden_pickaxe":1},"minecraft:mined":{"regions_unexplored:stone_bud":4,"iceandfire:silver_ore":2,"minecraft:birch_log":7,"regions_unexplored:maple_log":9,"treechop:chopped_log":1,"minecraft:crafting_table":1,"minecraft:grass":1,"minecraft:potatoes":2,"minecraft:coal_ore":49,"minecraft:cobweb":1,"minecraft:tall_grass":2,"minecraft:stone":13},"minecraft:killed":{"eternal_tales:interdimensional_zombie":1,"eternal_tales:interdimensional_banshee":1,"iceandfire:ghost":2},"minecraft:picked_up":{"minecraft:birch_log":7,"minecraft:stick":2,"minecraft:crafting_table":1,"minecraft:potato":35,"minecraft:string":1,"minecraft:cornflower":1,"eternal_tales:broken_totem_of_rash_decisions":1,"minecraft:wheat_seeds":2,"regions_unexplored:maple_log":10,"minecraft:poppy":1,"minecraft:baked_potato":38,"minecraft:coal":51,"iceandfire:raw_silver":2,"eternal_tales:starter_kit":1,"minecraft:cobblestone":13,"eternal_tales:artemisia_ludoviciana":1},"minecraft:custom":{"minecraft:time_since_rest":3092,"minecraft:sprint_one_cm":32045,"minecraft:damage_taken":250,"minecraft:walk_one_cm":48707,"minecraft:mob_kills":4,"minecraft:drop":3,"minecraft:damage_dealt":1663,"minecraft:interact_with_crafting_table":1,"minecraft:fly_one_cm":44370,"minecraft:open_chest":7,"minecraft:crouch_one_cm":5252,"minecraft:play_time":16379,"minecraft:interact_with_campfire":35,"minecraft:sneak_time":2075,"minecraft:walk_under_water_one_cm":1892,"minecraft:jump":197,"minecraft:walk_on_water_one_cm":2037,"minecraft:time_since_death":16379,"minecraft:sleep_in_bed":2,"minecraft:total_world_time":16379,"minecraft:fall_one_cm":5633},"minecraft:crafted":{"minecraft:crafting_table":1,"minecraft:stick":4,"regions_unexplored:maple_planks":40,"minecraft:stone_pickaxe":1},"minecraft:used":{"minecraft:cornflower":1,"minecraft:stone_sword":41,"minecraft:stone_pickaxe":64,"minecraft:baked_potato":5,"eternal_tales:starter_kit":1,"minecraft:wooden_pickaxe":4,"minecraft:stone_axe":23,"minecraft:crafting_table":1,"minecraft:potato":16}},"DataVersion":3465}