{"stats":{"minecraft:mined":{"minecraft:short_grass":2,"croptopia:turmeric_crop":3,"croptopia:squash_crop":1,"minecraft:grass_block":1,"minecraft:spruce_leaves":2,"minecraft:spruce_log":3,"croptopia:olive_crop":1},"minecraft:used":{"minecraft:dirt":1},"minecraft:picked_up":{"croptopia:olive":1,"croptopia:squash_seed":2,"croptopia:turmeric":3,"croptopia:squash":1,"croptopia:olive_seed":1,"croptopia:turmeric_seed":5,"minecraft:spruce_log":3,"minecraft:dirt":1},"minecraft:custom":{"minecraft:open_barrel":4,"minecraft:time_since_rest":2999,"minecraft:play_time":2999,"minecraft:crouch_one_cm":596,"minecraft:sprint_one_cm":5928,"minecraft:walk_one_cm":9137,"minecraft:sneak_time":220,"minecraft:walk_under_water_one_cm":581,"minecraft:jump":53,"minecraft:interact_with_blast_furnace":1,"minecraft:leave_game":1,"minecraft:walk_on_water_one_cm":236,"minecraft:time_since_death":2999,"minecraft:total_world_time":2999,"minecraft:swim_one_cm":3034,"minecraft:fall_one_cm":1730,"minecraft:fly_one_cm":13588}},"DataVersion":3953}