{"stats":{"minecraft:picked_up":{"minecraft:birch_log":77,"minecraft:crafting_table":4,"minecraft:leather_chestplate":14,"minecraft:tripwire_hook":1,"minecraft:leather_leggings":22,"minecraft:leather":30,"minecraft:wooden_pickaxe":2,"minecraft:potato":12,"minecraft:birch_planks":49,"minecraft:oak_log":50,"biomesoplenty:mahogany_boat":3,"iceandfire:ectoplasm":22,"minecraft:brewing_stand":3,"minecraft:shield":2,"eternal_tales:tea_seeds":35,"mca:book_romance":12,"minecraft:cornflower":1,"minecraft:string":11,"minecraft:dirt":17,"eternal_tales:stress_pills":6,"minecraft:iron_leggings":12,"minecraft:leather_boots":18,"minecraft:bone":137,"minecraft:apple":17,"iceandfire:pixie_jar_empty":1,"minecraft:bow":7,"minecraft:wheat_seeds":81,"minecraft:gold_nugget":72,"regions_unexplored:baobab_sapling":5,"minecraft:iron_ingot":14,"minecraft:beef":132,"minecraft:stone_pickaxe":4,"minecraft:iron_pickaxe":7,"minecraft:glowstone_dust":2,"minecraft:bamboo":3,"minecraft:chest":11,"minecraft:iron_sword":2,"minecraft:oak_planks":120,"biomesoplenty:mahogany_planks":57,"eternal_tales:witheroil":6,"eternal_tales:starter_kit":1,"eternal_tales:spider_man_emblem":7,"minecraft:raw_iron":4,"minecraft:stick":95,"iceandfire:ghost_chest":3,"minecraft:dandelion":2,"minecraft:acacia_log":8,"minecraft:porkchop":10,"eternal_tales:tikitorch":1,"minecraft:redstone":10,"minecraft:spider_eye":26,"alexsmobs:animal_dictionary":10,"eternal_tales:broken_totem_of_rash_decisions":11,"minecraft:leather_helmet":14,"minecraft:dark_oak_planks":1,"eternal_tales:bronze_coin":19,"minecraft:orange_bed":3,"iceandfire:silver_ingot":6,"biomesoplenty:mahogany_log":51,"eternal_tales:poisonoil":12,"minecraft:stone_sword":19,"minecraft:arrow":57,"minecraft:stone_shovel":21,"minecraft:rotten_flesh":40,"minecraft:diamond":42,"minecraft:stone_axe":5,"biomesoplenty:mahogany_sapling":3,"iceandfire:silver_sword":10,"eternal_tales:terra_shard":48,"minecraft:chainmail_leggings":1,"minecraft:hay_block":50,"eternal_tales:chlorine":36,"eternal_tales:journal":12,"minecraft:gold_ingot":25,"minecraft:bread":124,"minecraft:baked_potato":43,"minecraft:oak_sapling":67,"eternal_tales:raw_chlorine":25,"regions_unexplored:baobab_log":180,"minecraft:coal":114,"minecraft:bone_block":30,"iceandfire:raw_silver":6,"minecraft:cobblestone":3,"minecraft:sunflower":10},"minecraft:custom":{"minecraft:mob_kills":13,"minecraft:interact_with_crafting_table":1,"minecraft:open_barrel":3,"minecraft:leave_game":4,"minecraft:time_since_death":10573,"minecraft:sleep_in_bed":1,"minecraft:climb_one_cm":4364,"minecraft:time_since_rest":10684,"minecraft:damage_taken":4185,"minecraft:sprint_one_cm":118469,"minecraft:walk_one_cm":178366,"minecraft:drop":29,"minecraft:damage_dealt":4075,"minecraft:player_kills":3,"minecraft:swim_one_cm":10112,"minecraft:fly_one_cm":203333,"minecraft:open_chest":9,"minecraft:play_time":82794,"minecraft:crouch_one_cm":2349,"minecraft:deaths":15,"minecraft:sneak_time":847,"minecraft:walk_under_water_one_cm":664,"minecraft:jump":862,"minecraft:walk_on_water_one_cm":802,"minecraft:total_world_time":82794,"minecraft:fall_one_cm":27423},"minecraft:killed_by":{"minecraft:player":1,"minecraft:skeleton":2,"minecraft:zombie":7},"minecraft:mined":{"minecraft:dark_oak_planks":1,"minecraft:glass_pane":1,"iceandfire:silver_ore":3,"eternal_tales:black_tulip":1,"minecraft:dandelion":2,"minecraft:cornflower":1,"minecraft:grass_block":10,"minecraft:chest":1,"eternal_tales:livetreewithertrap":1,"minecraft:spawner":3,"eternal_tales:livetreefiretrap":1,"regions_unexplored:baobab_log":1,"eternal_tales:vividstatue":4,"eternal_tales:tikitorch":2,"biomesoplenty:mahogany_log":1,"treechop:chopped_log":3,"eternal_tales:vase_et_white":10,"minecraft:grass":6,"eternal_tales:brown_mushrooms_et":1,"minecraft:dirt":2,"eternal_tales:livetreepoisontrap":2,"regions_unexplored:windswept_grass":6,"minecraft:tripwire":1,"minecraft:orange_bed":1,"minecraft:fern":1},"minecraft:dropped":{"minecraft:iron_ingot":2,"minecraft:bread":15,"eternal_tales:broken_totem_of_rash_decisions":1,"minecraft:wheat_seeds":16,"alexsmobs:animal_dictionary":2,"regions_unexplored:baobab_log":64,"minecraft:stone_shovel":1,"minecraft:cobblestone":1,"minecraft:leather":3,"minecraft:leather_helmet":1,"minecraft:stick":26,"minecraft:leather_chestplate":2,"minecraft:potato":8,"iceandfire:silver_sword":1,"iceandfire:silver_ingot":1,"biomesoplenty:mahogany_boat":1,"minecraft:leather_boots":2,"minecraft:leather_leggings":3,"minecraft:gold_nugget":18,"eternal_tales:poisonoil":4,"minecraft:iron_pickaxe":1},"minecraft:used":{"iceandfire:silver_sword":30,"minecraft:acacia_log":4,"minecraft:stone_sword":45,"minecraft:leather_leggings":1,"minecraft:baked_potato":5,"minecraft:oak_planks":24,"minecraft:wooden_pickaxe":4,"minecraft:leather_chestplate":2,"minecraft:iron_sword":1,"biomesoplenty:mahogany_log":1,"minecraft:dirt":3,"minecraft:crafting_table":1,"eternal_tales:tikitorch":1,"eternal_tales:wolfberry":1,"minecraft:apple":3,"minecraft:bread":4,"minecraft:iron_pickaxe":10,"minecraft:leather_helmet":1,"eternal_tales:starter_kit":1,"regions_unexplored:baobab_log":2,"minecraft:stone_axe":76},"minecraft:killed":{"eternal_tales:sunflower_spider":2,"minecraft:husk":1,"minecraft:witch":1,"minecraft:skeleton":2,"minecraft:zombie":5},"minecraft:crafted":{"minecraft:oak_planks":36,"minecraft:crafting_table":1,"minecraft:iron_pickaxe":1}},"DataVersion":3465}