{"stats":{"minecraft:picked_up":{"iceandfire:copper_nugget":4,"minecraft:dark_oak_sapling":7,"minecraft:stick":3,"minecraft:wheat":3,"minecraft:leather":8,"epicfight:skillbook":1,"minecraft:spruce_sapling":2,"minecraft:spruce_log":25,"minecraft:dark_oak_log":18,"minecraft:barrel":3,"minecraft:dirt":25,"minecraft:paper":28,"minecraft:arrow":6,"minecraft:bone":3,"minecraft:rotten_flesh":3,"minecraft:apple":2,"minecraft:stone_axe":1,"minecraft:wheat_seeds":14,"minecraft:hay_block":25,"minecraft:beef":15,"minecraft:iron_nugget":22,"minecraft:sugar_cane":13,"biomesoplenty:wildflower":1,"minecraft:melon_slice":18,"minecraft:melon_seeds":11,"minecraft:chest":1,"minecraft:acacia_sapling":21,"minecraft:bone_block":4,"minecraft:cobblestone":6},"minecraft:dropped":{"minecraft:bread":10,"minecraft:stone_axe":1,"minecraft:melon_seeds":11},"minecraft:custom":{"minecraft:time_since_rest":31796,"minecraft:sprint_one_cm":154551,"minecraft:damage_taken":623,"minecraft:walk_one_cm":128478,"minecraft:mob_kills":14,"minecraft:drop":3,"minecraft:damage_dealt":2025,"minecraft:interact_with_cartography_table":1,"minecraft:damage_dealt_absorbed":9,"minecraft:interact_with_crafting_table":3,"minecraft:fly_one_cm":313613,"minecraft:open_barrel":1,"minecraft:open_chest":3,"minecraft:crouch_one_cm":2145,"minecraft:play_time":31796,"minecraft:sneak_time":568,"minecraft:jump":731,"minecraft:leave_game":4,"minecraft:time_since_death":31796,"minecraft:total_world_time":31796,"minecraft:climb_one_cm":3325,"minecraft:fall_one_cm":23565},"minecraft:killed":{"minecraft:skeleton":3,"minecraft:zombie":3,"minecraft:cow":8},"minecraft:crafted":{"minecraft:crafting_table":2,"minecraft:spruce_planks":52,"minecraft:stick":4,"minecraft:wooden_pickaxe":1,"minecraft:stone_axe":1,"minecraft:bread":75,"minecraft:wheat":225},"minecraft:mined":{"minecraft:hay_block":25,"iceandfire:copper_pile":1,"minecraft:barrel":3,"biomesoplenty:wildflower":1,"minecraft:dark_oak_log":1,"treechop:chopped_log":7,"minecraft:grass":7,"biomesoplenty:bush":4,"minecraft:grass_block":10,"minecraft:vine":1,"minecraft:chest":1,"minecraft:dirt":15,"minecraft:spruce_leaves":1,"minecraft:stone":6,"minecraft:bone_block":4,"minecraft:spawner":1},"minecraft:used":{"epicfight:skillbook":1,"minecraft:apple":2,"minecraft:bread":15,"minecraft:bone_block":4,"minecraft:wooden_pickaxe":30,"minecraft:stone_axe":90,"minecraft:crafting_table":2}},"DataVersion":3465}