{"stats":{"minecraft:used":{"biomesoplenty:mahogany_planks":1,"minecraft:stone_sword":48,"minecraft:acacia_log":4,"iceandfire:silver_sword":30,"minecraft:iron_sword":1,"minecraft:dirt":3,"eternal_tales:wolfberry":1,"minecraft:leather_leggings":1,"minecraft:stone_pickaxe":26,"minecraft:baked_potato":5,"minecraft:oak_planks":24,"minecraft:wooden_pickaxe":4,"minecraft:leather_chestplate":2,"biomesoplenty:mahogany_log":3,"minecraft:crafting_table":1,"eternal_tales:tikitorch":1,"minecraft:apple":3,"minecraft:bread":10,"minecraft:iron_pickaxe":10,"eternal_tales:starter_kit":1,"minecraft:leather_helmet":1,"minecraft:stone_axe":76,"regions_unexplored:baobab_log":2},"minecraft:custom":{"minecraft:mob_kills":14,"minecraft:interact_with_crafting_table":1,"minecraft:open_barrel":3,"minecraft:leave_game":10,"minecraft:time_since_death":20590,"minecraft:climb_one_cm":4364,"minecraft:sprint_one_cm":155940,"minecraft:walk_one_cm":201538,"minecraft:drop":31,"minecraft:play_time":128693,"minecraft:deaths":16,"minecraft:sneak_time":997,"minecraft:walk_under_water_one_cm":664,"minecraft:jump":1208,"minecraft:walk_on_water_one_cm":802,"minecraft:total_world_time":128693,"minecraft:sleep_in_bed":1,"minecraft:time_since_rest":20917,"minecraft:damage_taken":4779,"minecraft:damage_dealt":4289,"minecraft:swim_one_cm":10112,"minecraft:fly_one_cm":320128,"minecraft:player_kills":3,"minecraft:open_chest":12,"minecraft:crouch_one_cm":2667,"minecraft:fall_one_cm":44760},"minecraft:mined":{"minecraft:dark_oak_planks":1,"iceandfire:silver_ore":4,"eternal_tales:black_tulip":1,"eternal_tales:karst_stone":1,"minecraft:grass_block":10,"eternal_tales:livetreewithertrap":1,"minecraft:spawner":3,"regions_unexplored:baobab_log":1,"eternal_tales:tikitorch":2,"minecraft:iron_ore":8,"biomesoplenty:webbing":2,"minecraft:stone":7,"regions_unexplored:windswept_grass":6,"minecraft:tripwire":1,"minecraft:orange_bed":1,"minecraft:glass_pane":1,"eternal_tales:petrified_log":1,"minecraft:dandelion":2,"minecraft:cornflower":1,"minecraft:chest":1,"eternal_tales:livetreefiretrap":1,"eternal_tales:vividstatue":4,"biomesoplenty:mahogany_log":1,"eternal_tales:vase_et_white":10,"minecraft:grass":8,"eternal_tales:brown_mushrooms_et":1,"minecraft:dirt":2,"eternal_tales:livetreepoisontrap":2,"minecraft:fern":1},"minecraft:broken":{"minecraft:leather_helmet":1},"minecraft:killed_by":{"minecraft:player":1,"minecraft:skeleton":2,"minecraft:zombie":8},"minecraft:killed":{"eternal_tales:sunflower_spider":2,"minecraft:witch":1,"minecraft:skeleton":2,"minecraft:husk":1,"minecraft:zombie":6},"minecraft:dropped":{"minecraft:bread":15,"minecraft:iron_ingot":2,"minecraft:wheat_seeds":16,"minecraft:cobblestone":5,"minecraft:leather":3,"minecraft:leather_helmet":1,"minecraft:stick":26,"iceandfire:silver_sword":1,"biomesoplenty:mahogany_boat":1,"minecraft:gold_nugget":18,"minecraft:iron_pickaxe":1,"minecraft:dark_oak_planks":1,"eternal_tales:broken_totem_of_rash_decisions":1,"alexsmobs:animal_dictionary":2,"regions_unexplored:baobab_log":64,"minecraft:stone_shovel":1,"minecraft:leather_chestplate":2,"minecraft:potato":8,"iceandfire:silver_ingot":1,"minecraft:leather_boots":2,"minecraft:leather_leggings":3,"eternal_tales:poisonoil":4},"minecraft:crafted":{"minecraft:oak_planks":36,"minecraft:crafting_table":1,"minecraft:iron_pickaxe":1},"minecraft:picked_up":{"minecraft:crafting_table":5,"minecraft:leather_leggings":23,"minecraft:wooden_pickaxe":2,"minecraft:brewing_stand":4,"minecraft:shield":3,"minecraft:cornflower":1,"minecraft:string":11,"eternal_tales:stress_pills":6,"minecraft:iron_leggings":12,"minecraft:gold_nugget":90,"minecraft:beef":165,"minecraft:iron_pickaxe":7,"minecraft:chest":11,"eternal_tales:starter_kit":1,"eternal_tales:spider_man_emblem":7,"minecraft:stick":95,"minecraft:raw_iron":18,"iceandfire:ghost_chest":3,"minecraft:acacia_log":8,"minecraft:porkchop":15,"minecraft:redstone":12,"minecraft:dark_oak_planks":1,"minecraft:orange_bed":4,"minecraft:stone_sword":20,"eternal_tales:poisonoil":12,"iceandfire:silver_ingot":6,"minecraft:arrow":57,"minecraft:rotten_flesh":56,"minecraft:stone_shovel":22,"biomesoplenty:mahogany_sapling":3,"minecraft:hay_block":50,"eternal_tales:journal":14,"eternal_tales:chlorine":45,"minecraft:gold_ingot":25,"minecraft:bone_block":30,"minecraft:cobblestone":18,"minecraft:birch_log":84,"minecraft:leather_chestplate":14,"minecraft:tripwire_hook":2,"minecraft:leather":33,"minecraft:potato":12,"minecraft:birch_planks":66,"biomesoplenty:mahogany_boat":4,"minecraft:oak_log":50,"iceandfire:ectoplasm":22,"eternal_tales:tea_seeds":35,"mca:book_romance":15,"minecraft:dirt":17,"minecraft:leather_boots":19,"minecraft:bone":137,"minecraft:apple":17,"iceandfire:pixie_jar_empty":1,"minecraft:bow":7,"minecraft:wheat_seeds":89,"regions_unexplored:baobab_sapling":5,"minecraft:iron_ingot":14,"minecraft:stone_pickaxe":5,"minecraft:bamboo":3,"minecraft:glowstone_dust":2,"minecraft:iron_sword":2,"minecraft:oak_planks":120,"eternal_tales:witheroil":6,"biomesoplenty:mahogany_planks":75,"minecraft:dandelion":2,"eternal_tales:tikitorch":1,"eternal_tales:broken_totem_of_rash_decisions":12,"alexsmobs:animal_dictionary":11,"minecraft:spider_eye":26,"minecraft:leather_helmet":14,"eternal_tales:bronze_coin":20,"biomesoplenty:mahogany_log":61,"minecraft:diamond":48,"minecraft:stone_axe":5,"iceandfire:silver_sword":11,"eternal_tales:terra_shard":48,"minecraft:chainmail_leggings":1,"minecraft:bread":136,"minecraft:baked_potato":43,"minecraft:oak_sapling":73,"iceandfire:raw_silver":8,"minecraft:coal":114,"eternal_tales:raw_chlorine":50,"regions_unexplored:baobab_log":180,"minecraft:sunflower":10}},"DataVersion":3465}