{"stats":{"minecraft:picked_up":{"minecraft:dark_oak_sapling":2,"minecraft:dirt":3},"minecraft:custom":{"minecraft:jump":117,"minecraft:time_since_rest":3253,"minecraft:crouch_one_cm":19,"minecraft:sprint_one_cm":22197,"minecraft:play_time":3253,"minecraft:time_since_death":3253,"minecraft:walk_one_cm":7250,"minecraft:sneak_time":98,"minecraft:total_world_time":3253,"minecraft:fall_one_cm":5457,"minecraft:fly_one_cm":67023},"minecraft:mined":{"minecraft:grass":1,"biomesoplenty:bush":1,"minecraft:grass_block":3,"treechop:chopped_log":1}},"DataVersion":3465}