{"stats":{"minecraft:picked_up":{"minecraft:stick":17,"minecraft:dandelion":2,"minecraft:oak_log":5,"eternal_tales:tea_seeds":1,"minecraft:redstone":1,"minecraft:cornflower":1,"minecraft:dirt":10,"minecraft:iron_leggings":1,"biomesoplenty:mahogany_log":18,"minecraft:apple":1,"minecraft:wheat_seeds":1,"biomesoplenty:mahogany_sapling":3,"regions_unexplored:baobab_sapling":5,"eternal_tales:chlorine":4,"minecraft:bamboo":1,"minecraft:oak_sapling":1,"minecraft:chest":1,"eternal_tales:starter_kit":1,"regions_unexplored:baobab_log":50},"minecraft:custom":{"minecraft:time_since_rest":23942,"minecraft:sprint_one_cm":29589,"minecraft:damage_taken":179,"minecraft:walk_one_cm":28755,"minecraft:damage_dealt":136,"minecraft:fly_one_cm":37941,"minecraft:open_chest":2,"minecraft:crouch_one_cm":460,"minecraft:play_time":23942,"minecraft:sneak_time":73,"minecraft:jump":133,"minecraft:leave_game":3,"minecraft:time_since_death":23942,"minecraft:total_world_time":23942,"minecraft:fall_one_cm":6619},"minecraft:mined":{"biomesoplenty:mahogany_log":1,"minecraft:dandelion":2,"treechop:chopped_log":3,"eternal_tales:vase_et_white":4,"minecraft:cornflower":1,"minecraft:grass":6,"minecraft:grass_block":9,"minecraft:chest":1,"minecraft:dirt":2,"regions_unexplored:windswept_grass":6,"minecraft:fern":1,"minecraft:spawner":1},"minecraft:used":{"minecraft:apple":3,"minecraft:stone_sword":1,"eternal_tales:starter_kit":1,"minecraft:wooden_pickaxe":2,"minecraft:stone_axe":65}},"DataVersion":3465}