{"stats":{"minecraft:picked_up":{"biomesoplenty:lavender":1,"iceandfire:dragon_skull_lightning":3,"minecraft:wheat":16,"minecraft:leather":24,"minecraft:wooden_pickaxe":2,"minecraft:potato":5,"biomesoplenty:jacaranda_sapling":3,"minecraft:enchanted_book":1,"minecraft:potion":1,"iceandfire:manuscript":12,"minecraft:dirt":80,"minecraft:paper":90,"minecraft:item_frame":1,"minecraft:bone":6,"minecraft:apple":5,"minecraft:wheat_seeds":48,"minecraft:spruce_planks":78,"minecraft:beef":45,"minecraft:cobweb":26,"minecraft:iron_nugget":82,"biomesoplenty:wildflower":3,"minecraft:melon_slice":54,"minecraft:sugar_cane":26,"minecraft:chest":3,"minecraft:acacia_sapling":21,"minecraft:dark_oak_sapling":21,"minecraft:stick":6,"iceandfire:copper_nugget":12,"iceandfire:dragonbone":34,"epicfight:skillbook":1,"minecraft:cake":2,"minecraft:spruce_sapling":4,"minecraft:carrot":2,"minecraft:spruce_log":49,"minecraft:dark_oak_log":54,"minecraft:barrel":9,"alexsmobs:animal_dictionary":2,"minecraft:bundle":2,"minecraft:arrow":18,"minecraft:rotten_flesh":39,"minecraft:stone_axe":3,"minecraft:hay_block":55,"minecraft:golden_apple":2,"minecraft:emerald":2,"minecraft:bread":46,"minecraft:melon_seeds":11,"minecraft:cobblestone":21,"minecraft:bone_block":4},"minecraft:dropped":{"minecraft:bread":10,"minecraft:stone_axe":1,"minecraft:iron_nugget":8,"minecraft:stick":4,"biomesoplenty:wildflower":1,"minecraft:melon_seeds":11},"minecraft:killed_by":{"minecraft:player":1,"iceandfire:lightning_dragon":1},"minecraft:custom":{"minecraft:interact_with_furnace":1,"minecraft:mob_kills":15,"minecraft:interact_with_crafting_table":4,"minecraft:interact_with_cartography_table":1,"minecraft:open_barrel":25,"minecraft:eat_cake_slice":1,"minecraft:leave_game":6,"minecraft:time_since_death":19186,"minecraft:sleep_in_bed":2,"minecraft:climb_one_cm":4919,"minecraft:time_since_rest":1026,"minecraft:sprint_one_cm":475210,"minecraft:damage_taken":2137,"minecraft:walk_one_cm":269829,"minecraft:drop":13,"minecraft:damage_dealt":2149,"minecraft:swim_one_cm":20035,"minecraft:damage_dealt_absorbed":18,"minecraft:talked_to_villager":4,"minecraft:fly_one_cm":1124661,"minecraft:open_chest":23,"minecraft:crouch_one_cm":11092,"minecraft:play_time":81613,"minecraft:deaths":2,"minecraft:sneak_time":1743,"minecraft:walk_under_water_one_cm":4322,"minecraft:jump":2475,"minecraft:walk_on_water_one_cm":19569,"minecraft:total_world_time":81613,"minecraft:fall_one_cm":92195},"minecraft:killed":{"minecraft:skeleton":3,"minecraft:zombie":3,"minecraft:cow":8},"minecraft:crafted":{"minecraft:crafting_table":3,"minecraft:spruce_planks":52,"minecraft:dark_oak_wood":3,"minecraft:wooden_pickaxe":1,"minecraft:stone_axe":1,"minecraft:bread":99,"minecraft:stick":8,"minecraft:wheat":289},"minecraft:mined":{"iceandfire:copper_pile":1,"biomesoplenty:wildflower":1,"minecraft:dark_oak_log":1,"biomesoplenty:bush":24,"minecraft:grass_block":13,"minecraft:chest":1,"biomesoplenty:high_grass_plant":32,"minecraft:tall_grass":1,"minecraft:cobblestone":1,"minecraft:spruce_leaves":1,"biomesoplenty:huge_clover_petal":1,"minecraft:spawner":1,"minecraft:hay_block":35,"minecraft:acacia_sapling":1,"minecraft:wheat":4,"minecraft:barrel":3,"biomesoplenty:lavender":2,"treechop:chopped_log":7,"minecraft:grass":71,"biomesoplenty:clover":8,"biomesoplenty:high_grass":38,"minecraft:vine":1,"minecraft:dirt":16,"biomesoplenty:spider_egg":1,"minecraft:stone":8,"minecraft:bone_block":4,"minecraft:oak_leaves":2},"minecraft:used":{"epicfight:skillbook":1,"minecraft:bone_block":4,"minecraft:spruce_planks":22,"minecraft:wooden_pickaxe":33,"iceandfire:dragon_skull_lightning":1,"minecraft:dirt":9,"minecraft:crafting_table":3,"minecraft:cake":1,"minecraft:apple":11,"minecraft:melon_slice":11,"minecraft:bread":33,"minecraft:stone_axe":93,"alexsmobs:animal_dictionary":2,"minecraft:potato":4}},"DataVersion":3465}