{"stats":{"minecraft:picked_up":{"minecraft:birch_log":35,"minecraft:crafting_table":2,"minecraft:leather_chestplate":7,"minecraft:leather_leggings":8,"minecraft:leather":15,"minecraft:oak_log":50,"iceandfire:ectoplasm":22,"eternal_tales:tea_seeds":17,"mca:book_romance":5,"minecraft:cornflower":1,"minecraft:dirt":16,"minecraft:string":7,"eternal_tales:stress_pills":6,"minecraft:iron_leggings":7,"minecraft:leather_boots":8,"minecraft:bone":68,"minecraft:apple":1,"minecraft:bow":6,"minecraft:wheat_seeds":49,"regions_unexplored:baobab_sapling":5,"minecraft:beef":55,"minecraft:stone_pickaxe":2,"minecraft:bamboo":3,"minecraft:glowstone_dust":2,"minecraft:chest":6,"minecraft:oak_planks":40,"eternal_tales:witheroil":1,"eternal_tales:starter_kit":1,"eternal_tales:spider_man_emblem":6,"minecraft:stick":43,"iceandfire:ghost_chest":3,"minecraft:dandelion":2,"eternal_tales:tikitorch":1,"minecraft:redstone":4,"eternal_tales:broken_totem_of_rash_decisions":5,"minecraft:spider_eye":10,"alexsmobs:animal_dictionary":5,"minecraft:leather_helmet":8,"eternal_tales:bronze_coin":12,"iceandfire:silver_ingot":5,"eternal_tales:poisonoil":12,"minecraft:arrow":30,"biomesoplenty:mahogany_log":18,"minecraft:stone_sword":10,"minecraft:rotten_flesh":13,"minecraft:stone_shovel":11,"minecraft:diamond":6,"minecraft:stone_axe":4,"biomesoplenty:mahogany_sapling":3,"iceandfire:silver_sword":5,"eternal_tales:terra_shard":13,"minecraft:chainmail_leggings":1,"eternal_tales:chlorine":15,"eternal_tales:journal":5,"minecraft:gold_ingot":7,"minecraft:bread":20,"minecraft:baked_potato":19,"minecraft:oak_sapling":31,"iceandfire:raw_silver":3,"minecraft:coal":95,"regions_unexplored:baobab_log":52,"minecraft:sunflower":5},"minecraft:custom":{"minecraft:mob_kills":9,"minecraft:interact_with_crafting_table":1,"minecraft:open_barrel":1,"minecraft:leave_game":3,"minecraft:time_since_death":23545,"minecraft:sleep_in_bed":1,"minecraft:climb_one_cm":4217,"minecraft:time_since_rest":6045,"minecraft:sprint_one_cm":106953,"minecraft:damage_taken":2489,"minecraft:walk_one_cm":153795,"minecraft:drop":5,"minecraft:damage_dealt":2727,"minecraft:swim_one_cm":8986,"minecraft:fly_one_cm":165598,"minecraft:open_chest":8,"minecraft:crouch_one_cm":1718,"minecraft:play_time":59942,"minecraft:deaths":8,"minecraft:sneak_time":644,"minecraft:walk_under_water_one_cm":340,"minecraft:jump":707,"minecraft:walk_on_water_one_cm":785,"minecraft:total_world_time":59942,"minecraft:fall_one_cm":22033},"minecraft:killed_by":{"minecraft:player":1,"minecraft:skeleton":2},"minecraft:mined":{"minecraft:glass_pane":1,"iceandfire:silver_ore":3,"minecraft:dandelion":2,"minecraft:cornflower":1,"minecraft:grass_block":10,"minecraft:chest":1,"eternal_tales:livetreewithertrap":1,"minecraft:spawner":3,"eternal_tales:livetreefiretrap":1,"regions_unexplored:baobab_log":1,"eternal_tales:vividstatue":4,"eternal_tales:tikitorch":2,"biomesoplenty:mahogany_log":1,"treechop:chopped_log":3,"eternal_tales:vase_et_white":10,"minecraft:grass":6,"minecraft:dirt":2,"eternal_tales:livetreepoisontrap":2,"regions_unexplored:windswept_grass":6,"minecraft:tripwire":1,"minecraft:fern":1},"minecraft:dropped":{"minecraft:iron_ingot":2,"minecraft:wheat_seeds":8,"alexsmobs:animal_dictionary":1,"eternal_tales:poisonoil":4},"minecraft:used":{"minecraft:leather_leggings":1,"iceandfire:silver_sword":17,"minecraft:stone_sword":24,"minecraft:baked_potato":5,"minecraft:oak_planks":24,"minecraft:wooden_pickaxe":4,"minecraft:leather_chestplate":2,"minecraft:dirt":3,"minecraft:crafting_table":1,"eternal_tales:tikitorch":1,"minecraft:apple":3,"eternal_tales:wolfberry":1,"minecraft:bread":3,"minecraft:iron_pickaxe":10,"eternal_tales:starter_kit":1,"minecraft:leather_helmet":1,"minecraft:stone_axe":76,"regions_unexplored:baobab_log":2},"minecraft:killed":{"eternal_tales:sunflower_spider":2,"minecraft:husk":1,"minecraft:witch":1,"minecraft:skeleton":2,"minecraft:zombie":2},"minecraft:crafted":{"minecraft:oak_planks":36,"minecraft:crafting_table":1,"minecraft:iron_pickaxe":1}},"DataVersion":3465}