{"stats":{"minecraft:picked_up":{"minecraft:birch_log":21,"minecraft:crafting_table":2,"minecraft:leather_chestplate":5,"minecraft:leather_leggings":5,"minecraft:leather":9,"minecraft:oak_log":32,"iceandfire:ectoplasm":14,"eternal_tales:tea_seeds":12,"mca:book_romance":3,"minecraft:cornflower":1,"minecraft:dirt":13,"minecraft:string":3,"eternal_tales:stress_pills":6,"minecraft:iron_leggings":5,"minecraft:leather_boots":6,"minecraft:bone":42,"minecraft:apple":1,"minecraft:bow":6,"minecraft:wheat_seeds":25,"regions_unexplored:baobab_sapling":5,"minecraft:beef":33,"minecraft:stone_pickaxe":2,"minecraft:bamboo":3,"minecraft:glowstone_dust":2,"minecraft:chest":4,"minecraft:oak_planks":24,"eternal_tales:starter_kit":1,"eternal_tales:spider_man_emblem":4,"minecraft:stick":33,"iceandfire:ghost_chest":3,"minecraft:dandelion":2,"eternal_tales:tikitorch":1,"minecraft:redstone":4,"eternal_tales:broken_totem_of_rash_decisions":3,"minecraft:spider_eye":6,"alexsmobs:animal_dictionary":3,"minecraft:leather_helmet":6,"eternal_tales:bronze_coin":6,"iceandfire:silver_ingot":3,"eternal_tales:poisonoil":6,"minecraft:arrow":20,"biomesoplenty:mahogany_log":18,"minecraft:stone_sword":6,"minecraft:rotten_flesh":12,"minecraft:stone_shovel":7,"minecraft:diamond":3,"minecraft:stone_axe":4,"biomesoplenty:mahogany_sapling":3,"iceandfire:silver_sword":3,"eternal_tales:terra_shard":6,"minecraft:chainmail_leggings":1,"eternal_tales:chlorine":10,"eternal_tales:journal":5,"minecraft:gold_ingot":7,"minecraft:baked_potato":10,"minecraft:oak_sapling":19,"minecraft:coal":57,"regions_unexplored:baobab_log":52,"minecraft:sunflower":3},"minecraft:custom":{"minecraft:mob_kills":5,"minecraft:open_barrel":1,"minecraft:leave_game":3,"minecraft:time_since_death":45,"minecraft:climb_one_cm":2821,"minecraft:time_since_rest":76,"minecraft:sprint_one_cm":46951,"minecraft:damage_taken":1904,"minecraft:walk_one_cm":108916,"minecraft:damage_dealt":1960,"minecraft:fly_one_cm":42872,"minecraft:open_chest":3,"minecraft:crouch_one_cm":908,"minecraft:play_time":35942,"minecraft:deaths":7,"minecraft:sneak_time":342,"minecraft:jump":197,"minecraft:total_world_time":35942,"minecraft:fall_one_cm":7443},"minecraft:mined":{"minecraft:dandelion":2,"minecraft:cornflower":1,"minecraft:grass_block":9,"minecraft:chest":1,"minecraft:spawner":2,"regions_unexplored:baobab_log":1,"eternal_tales:tikitorch":2,"biomesoplenty:mahogany_log":1,"treechop:chopped_log":3,"eternal_tales:vase_et_white":6,"minecraft:grass":6,"minecraft:dirt":2,"regions_unexplored:windswept_grass":6,"minecraft:tripwire":1,"minecraft:fern":1},"minecraft:killed_by":{"minecraft:player":1,"minecraft:skeleton":2},"minecraft:used":{"minecraft:leather_leggings":1,"minecraft:stone_sword":24,"minecraft:wooden_pickaxe":4,"minecraft:leather_chestplate":2,"minecraft:dirt":2,"eternal_tales:tikitorch":1,"minecraft:apple":3,"eternal_tales:wolfberry":1,"eternal_tales:starter_kit":1,"minecraft:leather_helmet":1,"minecraft:stone_axe":76,"regions_unexplored:baobab_log":2},"minecraft:killed":{"minecraft:witch":1,"minecraft:skeleton":2,"minecraft:zombie":2}},"DataVersion":3465}