{"stats":{"minecraft:custom":{"minecraft:time_since_rest":23862,"minecraft:play_time":23862,"minecraft:sprint_one_cm":33981,"minecraft:damage_taken":20,"minecraft:walk_one_cm":7513,"minecraft:sneak_time":52,"minecraft:walk_under_water_one_cm":542,"minecraft:jump":405,"minecraft:damage_dealt":10,"minecraft:time_since_death":23862,"minecraft:walk_on_water_one_cm":603,"minecraft:total_world_time":23862,"minecraft:swim_one_cm":8519,"minecraft:fall_one_cm":5347,"minecraft:fly_one_cm":188711},"minecraft:picked_up":{"minecraft:wheat_seeds":3,"biomesoplenty:wildflower":7,"minecraft:dirt":2},"minecraft:used":{"minecraft:deepslate_emerald_ore":1,"minecraft:dirt":2,"minecraft:emerald_block":1,"minecraft:obsidian":1},"minecraft:mined":{"minecraft:short_grass":23,"minecraft:grass_block":2,"biomesoplenty:wildflower":2,"biomesoplenty:desert_grass":3,"minecraft:oak_leaves":1}},"DataVersion":3953}