{"stats":{"minecraft:custom":{"minecraft:jump":145,"minecraft:time_since_rest":11862,"minecraft:damage_taken":20,"minecraft:damage_dealt":10,"minecraft:walk_on_water_one_cm":603,"minecraft:sprint_one_cm":16299,"minecraft:play_time":11862,"minecraft:time_since_death":11862,"minecraft:walk_one_cm":3190,"minecraft:sneak_time":48,"minecraft:total_world_time":11862,"minecraft:walk_under_water_one_cm":542,"minecraft:swim_one_cm":8519,"minecraft:fall_one_cm":5347,"minecraft:fly_one_cm":98658},"minecraft:picked_up":{"biomesoplenty:wildflower":7,"minecraft:wheat_seeds":3,"minecraft:dirt":2},"minecraft:mined":{"minecraft:short_grass":23,"minecraft:grass_block":2,"biomesoplenty:wildflower":2,"biomesoplenty:desert_grass":3,"minecraft:oak_leaves":1}},"DataVersion":3953}