{"stats":{"minecraft:picked_up":{"iceandfire:dragon_skull_lightning":3,"minecraft:wheat":8,"minecraft:leather":24,"minecraft:wooden_pickaxe":2,"minecraft:potato":5,"minecraft:enchanted_book":1,"minecraft:potion":1,"iceandfire:manuscript":12,"minecraft:dirt":80,"minecraft:paper":90,"minecraft:item_frame":1,"minecraft:bone":6,"minecraft:apple":5,"minecraft:wheat_seeds":45,"minecraft:spruce_planks":78,"minecraft:beef":45,"minecraft:cobweb":26,"minecraft:iron_nugget":82,"biomesoplenty:wildflower":3,"minecraft:melon_slice":54,"minecraft:sugar_cane":26,"minecraft:chest":3,"minecraft:acacia_sapling":21,"minecraft:dark_oak_sapling":21,"minecraft:stick":6,"iceandfire:copper_nugget":12,"iceandfire:dragonbone":34,"epicfight:skillbook":1,"minecraft:cake":2,"minecraft:spruce_sapling":4,"minecraft:carrot":2,"minecraft:spruce_log":49,"minecraft:dark_oak_log":54,"minecraft:barrel":9,"alexsmobs:animal_dictionary":2,"minecraft:bundle":2,"minecraft:arrow":18,"minecraft:rotten_flesh":39,"minecraft:stone_axe":3,"minecraft:hay_block":55,"minecraft:golden_apple":2,"minecraft:emerald":2,"minecraft:bread":46,"minecraft:melon_seeds":11,"minecraft:cobblestone":21,"minecraft:bone_block":4},"minecraft:dropped":{"minecraft:bread":10,"minecraft:stone_axe":1,"minecraft:iron_nugget":8,"minecraft:melon_seeds":11},"minecraft:killed_by":{"minecraft:player":1,"iceandfire:lightning_dragon":1},"minecraft:custom":{"minecraft:interact_with_furnace":1,"minecraft:mob_kills":15,"minecraft:interact_with_crafting_table":3,"minecraft:interact_with_cartography_table":1,"minecraft:open_barrel":17,"minecraft:eat_cake_slice":1,"minecraft:leave_game":6,"minecraft:time_since_death":1186,"minecraft:climb_one_cm":3325,"minecraft:time_since_rest":1261,"minecraft:sprint_one_cm":377749,"minecraft:damage_taken":1562,"minecraft:walk_one_cm":219319,"minecraft:drop":11,"minecraft:damage_dealt":2135,"minecraft:swim_one_cm":8507,"minecraft:damage_dealt_absorbed":18,"minecraft:talked_to_villager":2,"minecraft:fly_one_cm":802551,"minecraft:open_chest":16,"minecraft:crouch_one_cm":2320,"minecraft:play_time":63613,"minecraft:deaths":2,"minecraft:sneak_time":653,"minecraft:walk_under_water_one_cm":832,"minecraft:jump":1828,"minecraft:walk_on_water_one_cm":6112,"minecraft:total_world_time":63613,"minecraft:fall_one_cm":66417},"minecraft:killed":{"minecraft:skeleton":3,"minecraft:zombie":3,"minecraft:cow":8},"minecraft:crafted":{"minecraft:crafting_table":2,"minecraft:spruce_planks":52,"minecraft:wooden_pickaxe":1,"minecraft:stone_axe":1,"minecraft:bread":75,"minecraft:stick":4,"minecraft:wheat":225},"minecraft:mined":{"iceandfire:copper_pile":1,"biomesoplenty:wildflower":1,"minecraft:dark_oak_log":1,"biomesoplenty:bush":8,"minecraft:grass_block":13,"minecraft:chest":1,"biomesoplenty:high_grass_plant":24,"minecraft:tall_grass":1,"minecraft:cobblestone":1,"minecraft:spruce_leaves":1,"biomesoplenty:huge_clover_petal":1,"minecraft:spawner":1,"minecraft:hay_block":35,"minecraft:acacia_sapling":1,"minecraft:wheat":4,"minecraft:barrel":3,"treechop:chopped_log":7,"minecraft:grass":39,"biomesoplenty:clover":8,"biomesoplenty:high_grass":28,"minecraft:vine":1,"minecraft:dirt":16,"biomesoplenty:spider_egg":1,"minecraft:stone":8,"minecraft:bone_block":4,"minecraft:oak_leaves":1},"minecraft:used":{"epicfight:skillbook":1,"minecraft:bone_block":4,"minecraft:wooden_pickaxe":33,"iceandfire:dragon_skull_lightning":1,"minecraft:dirt":3,"minecraft:crafting_table":2,"minecraft:cake":1,"minecraft:apple":8,"minecraft:bread":27,"minecraft:stone_axe":93,"alexsmobs:animal_dictionary":2}},"DataVersion":3465}