{"stats":{"minecraft:picked_up":{"minecraft:dark_oak_sapling":7,"minecraft:stick":3,"minecraft:wheat":3,"minecraft:leather":8,"epicfight:skillbook":1,"minecraft:spruce_sapling":2,"minecraft:spruce_log":25,"minecraft:dark_oak_log":18,"minecraft:barrel":3,"minecraft:dirt":25,"minecraft:paper":28,"minecraft:bone":3,"minecraft:arrow":6,"minecraft:rotten_flesh":2,"minecraft:apple":2,"minecraft:stone_axe":1,"minecraft:wheat_seeds":14,"minecraft:hay_block":25,"minecraft:beef":15,"minecraft:iron_nugget":22,"biomesoplenty:wildflower":1,"minecraft:melon_slice":18,"minecraft:melon_seeds":11,"minecraft:sugar_cane":13,"minecraft:chest":1,"minecraft:acacia_sapling":21,"minecraft:cobblestone":6},"minecraft:dropped":{"minecraft:bread":10,"minecraft:stone_axe":1},"minecraft:custom":{"minecraft:time_since_rest":22778,"minecraft:sprint_one_cm":116524,"minecraft:damage_taken":380,"minecraft:walk_one_cm":113712,"minecraft:mob_kills":14,"minecraft:drop":2,"minecraft:damage_dealt":2025,"minecraft:interact_with_cartography_table":1,"minecraft:damage_dealt_absorbed":9,"minecraft:interact_with_crafting_table":3,"minecraft:fly_one_cm":234619,"minecraft:open_barrel":1,"minecraft:open_chest":2,"minecraft:crouch_one_cm":2145,"minecraft:play_time":22778,"minecraft:sneak_time":565,"minecraft:jump":545,"minecraft:leave_game":3,"minecraft:time_since_death":22778,"minecraft:total_world_time":22778,"minecraft:climb_one_cm":3325,"minecraft:fall_one_cm":16460},"minecraft:killed":{"minecraft:skeleton":3,"minecraft:zombie":3,"minecraft:cow":8},"minecraft:crafted":{"minecraft:crafting_table":2,"minecraft:spruce_planks":52,"minecraft:stick":4,"minecraft:wooden_pickaxe":1,"minecraft:stone_axe":1,"minecraft:bread":75,"minecraft:wheat":225},"minecraft:mined":{"minecraft:hay_block":25,"minecraft:barrel":3,"biomesoplenty:wildflower":1,"minecraft:dark_oak_log":1,"treechop:chopped_log":7,"minecraft:grass":7,"biomesoplenty:bush":4,"minecraft:grass_block":10,"minecraft:vine":1,"minecraft:chest":1,"minecraft:dirt":15,"minecraft:spruce_leaves":1,"minecraft:stone":6,"minecraft:spawner":1},"minecraft:used":{"epicfight:skillbook":1,"minecraft:apple":2,"minecraft:bread":9,"minecraft:wooden_pickaxe":26,"minecraft:stone_axe":90,"minecraft:crafting_table":2}},"DataVersion":3465}