{"stats":{"minecraft:picked_up":{"minecraft:wheat":8,"minecraft:leather":16,"minecraft:wooden_pickaxe":1,"iceandfire:manuscript":6,"minecraft:dirt":51,"minecraft:paper":59,"minecraft:bone":6,"minecraft:apple":2,"minecraft:wheat_seeds":40,"minecraft:spruce_planks":39,"minecraft:beef":30,"minecraft:cobweb":13,"minecraft:iron_nugget":56,"minecraft:melon_slice":36,"biomesoplenty:wildflower":2,"minecraft:sugar_cane":26,"minecraft:chest":2,"minecraft:acacia_sapling":21,"minecraft:dark_oak_sapling":14,"minecraft:stick":6,"iceandfire:copper_nugget":8,"iceandfire:dragonbone":2,"epicfight:skillbook":1,"minecraft:cake":1,"minecraft:spruce_sapling":4,"minecraft:carrot":2,"minecraft:spruce_log":37,"minecraft:dark_oak_log":36,"minecraft:barrel":6,"alexsmobs:animal_dictionary":1,"minecraft:arrow":12,"minecraft:rotten_flesh":23,"minecraft:stone_axe":2,"minecraft:hay_block":45,"minecraft:emerald":1,"minecraft:bread":46,"minecraft:melon_seeds":11,"minecraft:cobblestone":15,"minecraft:bone_block":4},"minecraft:dropped":{"minecraft:bread":10,"minecraft:stone_axe":1,"minecraft:iron_nugget":8,"minecraft:melon_seeds":11},"minecraft:killed_by":{"minecraft:player":1},"minecraft:custom":{"minecraft:mob_kills":15,"minecraft:interact_with_crafting_table":3,"minecraft:interact_with_cartography_table":1,"minecraft:open_barrel":1,"minecraft:leave_game":6,"minecraft:time_since_death":1609,"minecraft:climb_one_cm":3325,"minecraft:time_since_rest":1659,"minecraft:sprint_one_cm":196497,"minecraft:damage_taken":1013,"minecraft:walk_one_cm":162419,"minecraft:drop":11,"minecraft:damage_dealt":2135,"minecraft:damage_dealt_absorbed":18,"minecraft:fly_one_cm":400511,"minecraft:open_chest":8,"minecraft:crouch_one_cm":2320,"minecraft:play_time":41712,"minecraft:deaths":1,"minecraft:sneak_time":604,"minecraft:jump":946,"minecraft:total_world_time":41712,"minecraft:fall_one_cm":33352},"minecraft:killed":{"minecraft:skeleton":3,"minecraft:zombie":3,"minecraft:cow":8},"minecraft:crafted":{"minecraft:crafting_table":2,"minecraft:spruce_planks":52,"minecraft:wooden_pickaxe":1,"minecraft:stone_axe":1,"minecraft:bread":75,"minecraft:stick":4,"minecraft:wheat":225},"minecraft:mined":{"iceandfire:copper_pile":1,"biomesoplenty:wildflower":1,"minecraft:dark_oak_log":1,"biomesoplenty:bush":8,"minecraft:grass_block":11,"minecraft:chest":1,"minecraft:cobblestone":1,"minecraft:spruce_leaves":1,"minecraft:spawner":1,"minecraft:hay_block":35,"minecraft:barrel":3,"minecraft:wheat":4,"treechop:chopped_log":7,"minecraft:grass":10,"minecraft:vine":1,"minecraft:dirt":15,"minecraft:stone":8,"biomesoplenty:spider_egg":1,"minecraft:bone_block":4},"minecraft:used":{"epicfight:skillbook":1,"minecraft:bone_block":4,"minecraft:wooden_pickaxe":33,"minecraft:dirt":2,"minecraft:crafting_table":2,"minecraft:apple":2,"minecraft:bread":19,"minecraft:stone_axe":93,"alexsmobs:animal_dictionary":2}},"DataVersion":3465}