{"stats":{"minecraft:used":{"biomesoplenty:mahogany_planks":1,"minecraft:stone_sword":51,"minecraft:acacia_log":4,"iceandfire:silver_sword":67,"minecraft:iron_sword":1,"minecraft:dirt":3,"eternal_tales:wolfberry":1,"minecraft:leather_leggings":1,"minecraft:stone_pickaxe":31,"minecraft:baked_potato":5,"minecraft:oak_planks":24,"minecraft:wooden_pickaxe":4,"minecraft:leather_chestplate":2,"minecraft:diamond_axe":83,"biomesoplenty:mahogany_log":3,"minecraft:crafting_table":2,"eternal_tales:tikitorch":1,"minecraft:apple":3,"minecraft:bread":25,"minecraft:iron_pickaxe":10,"eternal_tales:starter_kit":1,"minecraft:leather_helmet":1,"minecraft:stone_axe":76,"regions_unexplored:baobab_log":2},"minecraft:custom":{"minecraft:mob_kills":18,"minecraft:interact_with_crafting_table":2,"minecraft:open_barrel":7,"minecraft:leave_game":10,"minecraft:time_since_death":11215,"minecraft:climb_one_cm":4752,"minecraft:sprint_one_cm":271465,"minecraft:walk_one_cm":253077,"minecraft:drop":34,"minecraft:play_time":152693,"minecraft:deaths":17,"minecraft:sneak_time":1150,"minecraft:walk_under_water_one_cm":892,"minecraft:jump":2140,"minecraft:walk_on_water_one_cm":1083,"minecraft:total_world_time":152693,"minecraft:interact_with_furnace":1,"minecraft:sleep_in_bed":1,"minecraft:time_since_rest":11274,"minecraft:damage_taken":5617,"minecraft:damage_dealt":5328,"minecraft:swim_one_cm":15940,"minecraft:fly_one_cm":559635,"minecraft:player_kills":3,"minecraft:open_chest":17,"minecraft:crouch_one_cm":3007,"minecraft:fall_one_cm":86783},"minecraft:mined":{"minecraft:dark_oak_planks":1,"iceandfire:silver_ore":4,"eternal_tales:black_tulip":1,"biomesoplenty:desert_grass":1,"eternal_tales:karst_stone":1,"minecraft:grass_block":11,"eternal_tales:livetreewithertrap":1,"minecraft:spawner":3,"minecraft:large_fern":2,"regions_unexplored:baobab_log":1,"eternal_tales:tikitorch":2,"biomesoplenty:toadstool":1,"minecraft:iron_ore":11,"biomesoplenty:webbing":2,"regions_unexplored:medium_grass":2,"minecraft:stone":8,"regions_unexplored:windswept_grass":6,"minecraft:tripwire":1,"minecraft:orange_bed":1,"minecraft:glass_pane":1,"eternal_tales:petrified_log":1,"minecraft:dandelion":2,"minecraft:oak_fence":1,"minecraft:cornflower":1,"minecraft:chest":1,"minecraft:rose_bush":2,"minecraft:tall_grass":2,"biomesoplenty:sprout":1,"eternal_tales:livetreefiretrap":1,"regions_unexplored:hyssop":3,"eternal_tales:vividstatue":4,"biomesoplenty:mahogany_log":1,"minecraft:spruce_log":2,"eternal_tales:vase_et_white":10,"minecraft:grass":25,"minecraft:oak_log":65,"eternal_tales:brown_mushrooms_et":1,"minecraft:dirt":2,"eternal_tales:livetreepoisontrap":2,"regions_unexplored:fireweed":1,"minecraft:oak_leaves":5,"minecraft:fern":13},"minecraft:broken":{"minecraft:leather_helmet":1,"minecraft:leather_boots":1},"minecraft:killed_by":{"minecraft:player":2,"minecraft:skeleton":2,"minecraft:zombie":8},"minecraft:killed":{"eternal_tales:sunflower_spider":2,"minecraft:witch":1,"minecraft:skeleton":3,"minecraft:husk":1,"minecraft:zombie":6,"iceandfire:ghost":1,"minecraft:cow":1},"minecraft:dropped":{"minecraft:bread":15,"minecraft:iron_ingot":2,"minecraft:wheat_seeds":24,"minecraft:cobblestone":5,"minecraft:leather":3,"minecraft:leather_helmet":1,"minecraft:stick":26,"mca:book_romance":3,"iceandfire:silver_sword":1,"biomesoplenty:mahogany_boat":1,"minecraft:gold_nugget":18,"minecraft:iron_pickaxe":1,"minecraft:dark_oak_planks":1,"minecraft:tripwire_hook":1,"eternal_tales:broken_totem_of_rash_decisions":1,"alexsmobs:animal_dictionary":2,"regions_unexplored:baobab_log":64,"minecraft:stone_shovel":1,"minecraft:leather_chestplate":2,"minecraft:potato":8,"iceandfire:silver_ingot":1,"minecraft:leather_boots":2,"minecraft:leather_leggings":3,"eternal_tales:poisonoil":4},"minecraft:crafted":{"minecraft:oak_planks":36,"minecraft:diamond_axe":1,"minecraft:crafting_table":1,"minecraft:birch_planks":8,"minecraft:stick":4,"minecraft:iron_pickaxe":1},"minecraft:picked_up":{"minecraft:crafting_table":5,"minecraft:leather_leggings":24,"minecraft:wooden_pickaxe":2,"minecraft:brewing_stand":5,"minecraft:shield":4,"minecraft:cornflower":1,"minecraft:string":11,"minecraft:iron_axe":1,"eternal_tales:stress_pills":6,"minecraft:iron_leggings":12,"minecraft:gold_nugget":108,"minecraft:beef":200,"minecraft:rose_bush":2,"minecraft:iron_pickaxe":7,"minecraft:chest":11,"eternal_tales:starter_kit":1,"eternal_tales:spider_man_emblem":7,"iceandfire:dragonbone":6,"minecraft:stick":139,"minecraft:raw_iron":30,"iceandfire:ghost_chest":3,"minecraft:acacia_log":8,"minecraft:porkchop":20,"minecraft:redstone":14,"minecraft:dark_oak_planks":1,"minecraft:orange_bed":5,"minecraft:stone_sword":21,"eternal_tales:poisonoil":12,"iceandfire:silver_ingot":6,"minecraft:arrow":57,"minecraft:rotten_flesh":72,"minecraft:stone_shovel":23,"biomesoplenty:mahogany_sapling":3,"minecraft:hay_block":50,"eternal_tales:journal":16,"eternal_tales:chlorine":54,"minecraft:gold_ingot":25,"minecraft:bone_block":30,"minecraft:cobblestone":26,"minecraft:birch_log":89,"minecraft:leather_chestplate":14,"minecraft:tripwire_hook":2,"minecraft:leather":34,"minecraft:potato":12,"minecraft:birch_planks":89,"biomesoplenty:mahogany_boat":5,"minecraft:oak_log":50,"iceandfire:ectoplasm":23,"eternal_tales:tea_seeds":35,"mca:book_romance":15,"minecraft:dirt":17,"minecraft:leather_boots":19,"minecraft:bone":137,"minecraft:apple":17,"iceandfire:pixie_jar_empty":1,"minecraft:bow":7,"minecraft:wheat_seeds":90,"regions_unexplored:baobab_sapling":5,"minecraft:iron_ingot":14,"minecraft:stone_pickaxe":6,"minecraft:bamboo":3,"minecraft:glowstone_dust":2,"minecraft:iron_sword":2,"minecraft:oak_planks":120,"eternal_tales:witheroil":6,"biomesoplenty:mahogany_planks":93,"minecraft:dandelion":2,"eternal_tales:tikitorch":1,"eternal_tales:broken_totem_of_rash_decisions":13,"alexsmobs:animal_dictionary":12,"minecraft:spider_eye":26,"minecraft:leather_helmet":14,"eternal_tales:bronze_coin":21,"biomesoplenty:mahogany_log":61,"minecraft:diamond":51,"minecraft:stone_axe":5,"iceandfire:silver_sword":12,"eternal_tales:terra_shard":48,"minecraft:chainmail_leggings":1,"minecraft:diamond_axe":1,"minecraft:emerald":5,"minecraft:bread":164,"minecraft:baked_potato":43,"minecraft:oak_sapling":153,"iceandfire:raw_silver":9,"minecraft:coal":114,"eternal_tales:raw_chlorine":75,"regions_unexplored:baobab_log":180,"minecraft:sunflower":10}},"DataVersion":3465}