{"stats":{"minecraft:picked_up":{"minecraft:stick":3,"minecraft:apple":1,"minecraft:wheat_seeds":1,"minecraft:dandelion":2,"minecraft:oak_log":5,"minecraft:oak_sapling":1,"minecraft:chest":1,"eternal_tales:starter_kit":1,"minecraft:cornflower":1,"minecraft:dirt":8},"minecraft:custom":{"minecraft:open_chest":1,"minecraft:time_since_rest":15802,"minecraft:crouch_one_cm":387,"minecraft:play_time":15802,"minecraft:sprint_one_cm":6212,"minecraft:damage_taken":140,"minecraft:walk_one_cm":9261,"minecraft:sneak_time":62,"minecraft:jump":33,"minecraft:leave_game":3,"minecraft:time_since_death":15802,"minecraft:total_world_time":15802,"minecraft:fall_one_cm":1501,"minecraft:fly_one_cm":7284},"minecraft:mined":{"minecraft:grass":5,"minecraft:grass_block":7,"minecraft:chest":1,"minecraft:dirt":1,"minecraft:dandelion":2,"treechop:chopped_log":1,"minecraft:cornflower":1},"minecraft:used":{"minecraft:stone_axe":12,"eternal_tales:starter_kit":1}},"DataVersion":3465}