{"stats":{"minecraft:custom":{"minecraft:time_since_rest":35862,"minecraft:crouch_one_cm":50,"minecraft:play_time":35862,"minecraft:sprint_one_cm":43314,"minecraft:damage_taken":20,"minecraft:walk_one_cm":22447,"minecraft:sneak_time":84,"minecraft:walk_under_water_one_cm":542,"minecraft:jump":575,"minecraft:damage_dealt":10,"minecraft:time_since_death":35862,"minecraft:walk_on_water_one_cm":603,"minecraft:total_world_time":35862,"minecraft:swim_one_cm":8519,"minecraft:fall_one_cm":5347,"minecraft:fly_one_cm":220319},"minecraft:picked_up":{"minecraft:wheat_seeds":3,"biomesoplenty:wildflower":7,"minecraft:dirt":2},"minecraft:used":{"minecraft:deepslate_emerald_ore":1,"minecraft:warped_stem":1,"minecraft:amethyst_block":1,"minecraft:dirt":2,"minecraft:magma_block":1,"minecraft:emerald_block":1,"minecraft:stripped_oak_wood":8,"minecraft:brown_wool":1,"minecraft:lime_wool":1,"minecraft:blue_ice":1,"minecraft:gray_wool":1,"minecraft:cyan_wool":1,"minecraft:raw_gold_block":1,"minecraft:obsidian":6},"minecraft:mined":{"minecraft:short_grass":23,"minecraft:grass_block":2,"biomesoplenty:wildflower":2,"biomesoplenty:desert_grass":3,"minecraft:oak_leaves":1}},"DataVersion":3953}