{"stats":{"minecraft:picked_up":{"biomesoplenty:lavender":1,"iceandfire:dragon_skull_lightning":3,"minecraft:wheat":16,"minecraft:leather":24,"minecraft:wooden_pickaxe":2,"minecraft:potato":5,"biomesoplenty:jacaranda_sapling":3,"minecraft:enchanted_book":1,"minecraft:potion":1,"iceandfire:manuscript":12,"minecraft:dirt":80,"minecraft:paper":90,"minecraft:item_frame":1,"minecraft:bone":8,"minecraft:apple":5,"minecraft:wheat_seeds":53,"minecraft:spruce_planks":78,"minecraft:beef":45,"minecraft:cobweb":26,"minecraft:iron_nugget":82,"biomesoplenty:wildflower":3,"minecraft:melon_slice":54,"minecraft:sugar_cane":26,"minecraft:chest":3,"minecraft:acacia_sapling":21,"minecraft:dark_oak_sapling":21,"minecraft:stick":6,"iceandfire:copper_nugget":12,"iceandfire:dragonbone":34,"epicfight:skillbook":1,"minecraft:cake":2,"minecraft:spruce_sapling":4,"minecraft:carrot":2,"minecraft:spruce_log":49,"minecraft:dark_oak_log":54,"minecraft:barrel":9,"alexsmobs:animal_dictionary":2,"minecraft:bundle":2,"minecraft:arrow":19,"minecraft:rotten_flesh":43,"minecraft:stone_axe":3,"minecraft:hay_block":55,"minecraft:golden_apple":2,"minecraft:emerald":2,"minecraft:bread":51,"minecraft:melon_seeds":11,"minecraft:cobblestone":21,"minecraft:bone_block":4},"minecraft:broken":{"minecraft:stone_axe":1,"minecraft:wooden_pickaxe":1},"minecraft:dropped":{"minecraft:bread":10,"minecraft:stone_axe":1,"minecraft:iron_nugget":8,"minecraft:stick":4,"biomesoplenty:wildflower":1,"minecraft:melon_seeds":11},"minecraft:killed_by":{"minecraft:player":1,"iceandfire:lightning_dragon":1},"minecraft:custom":{"minecraft:interact_with_furnace":1,"minecraft:mob_kills":19,"minecraft:interact_with_crafting_table":5,"minecraft:interact_with_cartography_table":1,"minecraft:open_barrel":25,"minecraft:eat_cake_slice":1,"minecraft:leave_game":6,"minecraft:time_since_death":31186,"minecraft:sleep_in_bed":2,"minecraft:climb_one_cm":4919,"minecraft:time_since_rest":13026,"minecraft:sprint_one_cm":557622,"minecraft:damage_taken":2327,"minecraft:walk_one_cm":301563,"minecraft:drop":13,"minecraft:damage_dealt":2836,"minecraft:swim_one_cm":20494,"minecraft:damage_dealt_absorbed":18,"minecraft:talked_to_villager":6,"minecraft:fly_one_cm":1374789,"minecraft:open_chest":36,"minecraft:crouch_one_cm":13117,"minecraft:play_time":93613,"minecraft:deaths":2,"minecraft:sneak_time":2445,"minecraft:walk_under_water_one_cm":4404,"minecraft:jump":2954,"minecraft:walk_on_water_one_cm":19802,"minecraft:total_world_time":93613,"minecraft:fall_one_cm":109740,"minecraft:horse_one_cm":3397},"minecraft:killed":{"minecraft:creeper":1,"minecraft:skeleton":4,"minecraft:zombie":4,"minecraft:cow":8},"minecraft:crafted":{"minecraft:crafting_table":3,"minecraft:spruce_planks":52,"minecraft:dark_oak_wood":3,"minecraft:wooden_pickaxe":1,"minecraft:stone_axe":1,"minecraft:bread":99,"minecraft:stick":8,"minecraft:iron_ingot":2,"minecraft:wheat":289},"minecraft:mined":{"iceandfire:copper_pile":1,"biomesoplenty:wildflower":1,"biomesoplenty:desert_grass":2,"minecraft:dark_oak_log":1,"biomesoplenty:bush":24,"minecraft:grass_block":13,"minecraft:chest":1,"biomesoplenty:high_grass_plant":32,"minecraft:tall_grass":1,"minecraft:cobblestone":1,"minecraft:spruce_leaves":1,"biomesoplenty:huge_clover_petal":1,"minecraft:spawner":1,"minecraft:hay_block":35,"minecraft:acacia_sapling":1,"minecraft:wheat":4,"minecraft:barrel":3,"biomesoplenty:lavender":2,"treechop:chopped_log":7,"minecraft:grass":99,"biomesoplenty:clover":8,"biomesoplenty:high_grass":38,"minecraft:vine":1,"minecraft:dirt":16,"biomesoplenty:spider_egg":1,"minecraft:stone":8,"minecraft:bone_block":4,"minecraft:oak_leaves":2},"minecraft:used":{"epicfight:skillbook":1,"minecraft:bone_block":4,"minecraft:spruce_planks":22,"minecraft:wooden_pickaxe":47,"iceandfire:dragon_skull_lightning":1,"minecraft:dirt":9,"minecraft:crafting_table":3,"minecraft:cake":1,"minecraft:apple":11,"minecraft:melon_slice":11,"minecraft:bread":42,"minecraft:stone_axe":100,"alexsmobs:animal_dictionary":2,"minecraft:potato":4}},"DataVersion":3465}