{"stats":{"minecraft:picked_up":{"minecraft:dark_oak_sapling":1,"minecraft:stick":4,"minecraft:crafting_table":2,"minecraft:spruce_sapling":5,"minecraft:spruce_log":12,"minecraft:spider_eye":1,"minecraft:dark_oak_log":9,"minecraft:string":1,"minecraft:cobbled_deepslate":10,"minecraft:coal":23,"iceandfire:raw_silver":2,"minecraft:cobblestone":32},"minecraft:dropped":{"minecraft:wooden_pickaxe":1},"minecraft:custom":{"minecraft:time_since_rest":19427,"minecraft:sprint_one_cm":18330,"minecraft:damage_taken":135,"minecraft:walk_one_cm":188986,"minecraft:mob_kills":2,"minecraft:drop":1,"minecraft:damage_dealt":310,"minecraft:swim_one_cm":1589,"minecraft:interact_with_crafting_table":3,"minecraft:fly_one_cm":9582,"minecraft:crouch_one_cm":6395,"minecraft:play_time":19427,"minecraft:sneak_time":1446,"minecraft:walk_under_water_one_cm":4836,"minecraft:jump":173,"minecraft:leave_game":4,"minecraft:time_since_death":19427,"minecraft:walk_on_water_one_cm":7405,"minecraft:total_world_time":19427,"minecraft:fall_one_cm":1080},"minecraft:killed":{"minecraft:cave_spider":1,"minecraft:zombie":1},"minecraft:crafted":{"minecraft:crafting_table":1,"minecraft:spruce_planks":4,"minecraft:stick":4,"minecraft:wooden_pickaxe":1,"minecraft:stone_pickaxe":1,"minecraft:wooden_axe":1,"minecraft:dark_oak_planks":36,"minecraft:torch":8},"minecraft:mined":{"iceandfire:silver_ore":2,"minecraft:glow_lichen":1,"treechop:chopped_log":3,"minecraft:crafting_table":2,"biomesoplenty:bush":1,"minecraft:coal_ore":23,"minecraft:cobblestone":7,"minecraft:stone":25,"biomesoplenty:spider_egg":1,"minecraft:deepslate":10},"minecraft:used":{"minecraft:wooden_axe":16,"minecraft:stone_pickaxe":62,"minecraft:wooden_pickaxe":8,"minecraft:torch":7,"minecraft:cobblestone":8,"minecraft:crafting_table":2,"minecraft:cobbled_deepslate":2}},"DataVersion":3465}