{"stats":{"minecraft:picked_up":{"minecraft:birch_log":7,"biomesoplenty:toadstool":1,"minecraft:stick":6,"minecraft:leather":3,"minecraft:dandelion":3,"minecraft:potato":34,"minecraft:oak_log":13,"eternal_tales:tea_seeds":2,"minecraft:spider_eye":2,"minecraft:string":3,"minecraft:dirt":1,"eternal_tales:broken_totem_of_rash_decisions":1,"minecraft:moss_carpet":1,"eternal_tales:bronze_coin":2,"minecraft:apple":1,"minecraft:wheat_seeds":8,"eternal_tales:terra_shard":2,"minecraft:beef":11,"minecraft:rose_bush":3,"minecraft:baked_potato":17,"minecraft:oak_sapling":6,"minecraft:chest":1,"eternal_tales:starter_kit":1,"minecraft:sunflower":1,"minecraft:oxeye_daisy":2},"minecraft:custom":{"minecraft:time_since_rest":560,"minecraft:interact_with_furnace":2,"minecraft:sprint_one_cm":7190,"minecraft:damage_taken":221,"minecraft:walk_one_cm":69484,"minecraft:mob_kills":5,"minecraft:damage_dealt":761,"minecraft:fly_one_cm":4775,"minecraft:open_chest":3,"minecraft:crouch_one_cm":4329,"minecraft:play_time":17178,"minecraft:interact_with_campfire":34,"minecraft:sneak_time":1457,"minecraft:jump":87,"minecraft:leave_game":1,"minecraft:time_since_death":17178,"minecraft:sleep_in_bed":2,"minecraft:total_world_time":17178,"minecraft:fall_one_cm":1716},"minecraft:mined":{"treechop:chopped_log":4,"minecraft:grass":1,"minecraft:potatoes":9,"minecraft:oak_log":5,"minecraft:chest":1,"minecraft:dirt":1},"minecraft:used":{"minecraft:moss_carpet":1,"minecraft:rose_bush":3,"minecraft:apple":3,"minecraft:stone_sword":18,"minecraft:oxeye_daisy":2,"minecraft:baked_potato":3,"eternal_tales:starter_kit":1,"biomesoplenty:toadstool":1,"minecraft:stone_axe":29,"alexsmobs:animal_dictionary":1,"minecraft:potato":16,"minecraft:dandelion":3},"minecraft:killed":{"eternal_tales:sunflower_spider":1,"minecraft:cow":4},"minecraft:crafted":{"minecraft:oak_planks":16,"minecraft:crafting_table":1}},"DataVersion":3465}