{"stats":{"minecraft:picked_up":{"minecraft:birch_log":7,"minecraft:leather":3,"minecraft:potato":34,"minecraft:oak_log":13,"iceandfire:ectoplasm":3,"eternal_tales:tea_seeds":2,"minecraft:dirt":2,"minecraft:string":3,"minecraft:moss_carpet":1,"minecraft:iron_leggings":1,"minecraft:bone":1,"minecraft:apple":1,"iceandfire:graveyard_soil":1,"minecraft:wheat_seeds":8,"minecraft:beef":11,"minecraft:rose_bush":3,"minecraft:chest":1,"eternal_tales:starter_kit":1,"biomesoplenty:toadstool":1,"minecraft:stick":6,"iceandfire:ghost_chest":1,"minecraft:dandelion":3,"eternal_tales:tikitorch":1,"minecraft:spider_eye":2,"eternal_tales:broken_totem_of_rash_decisions":1,"eternal_tales:bronze_coin":2,"iceandfire:silver_ingot":1,"iceandfire:silver_sword":1,"eternal_tales:terra_shard":2,"minecraft:chainmail_leggings":1,"eternal_tales:chlorine":2,"minecraft:baked_potato":17,"minecraft:oak_sapling":6,"minecraft:coal":19,"minecraft:oxeye_daisy":2,"minecraft:cobblestone":8,"minecraft:sunflower":2},"minecraft:custom":{"minecraft:interact_with_furnace":2,"minecraft:mob_kills":6,"minecraft:interact_with_crafting_table":1,"minecraft:interact_with_campfire":34,"minecraft:leave_game":1,"minecraft:time_since_death":29178,"minecraft:sleep_in_bed":2,"minecraft:climb_one_cm":128,"minecraft:time_since_rest":12560,"minecraft:sprint_one_cm":45992,"minecraft:damage_taken":221,"minecraft:walk_one_cm":149672,"minecraft:drop":3,"minecraft:damage_dealt":824,"minecraft:fly_one_cm":31938,"minecraft:open_chest":4,"minecraft:crouch_one_cm":6216,"minecraft:play_time":29178,"minecraft:sneak_time":2025,"minecraft:jump":240,"minecraft:walk_on_water_one_cm":21,"minecraft:total_world_time":29178,"minecraft:fall_one_cm":4491},"minecraft:mined":{"iceandfire:ghost_chest":1,"minecraft:chest":1,"minecraft:spawner":2,"eternal_tales:tikitorch":1,"treechop:chopped_log":4,"eternal_tales:vase_et_white":1,"minecraft:grass":1,"minecraft:oak_log":5,"minecraft:potatoes":9,"minecraft:coal_ore":18,"minecraft:vine":1,"minecraft:dirt":1,"minecraft:stone":8,"minecraft:oak_leaves":1},"minecraft:dropped":{"minecraft:iron_leggings":1,"minecraft:sunflower":1,"minecraft:wooden_pickaxe":1},"minecraft:used":{"minecraft:moss_carpet":1,"minecraft:stone_sword":18,"minecraft:rose_bush":3,"iceandfire:silver_sword":5,"minecraft:stone_pickaxe":23,"minecraft:baked_potato":5,"minecraft:wooden_pickaxe":5,"minecraft:crafting_table":1,"minecraft:apple":3,"minecraft:oxeye_daisy":2,"eternal_tales:starter_kit":1,"biomesoplenty:toadstool":1,"minecraft:stone_axe":32,"alexsmobs:animal_dictionary":1,"minecraft:potato":16,"minecraft:dandelion":3},"minecraft:killed":{"eternal_tales:sunflower_spider":1,"minecraft:zombie":1,"minecraft:cow":4},"minecraft:crafted":{"minecraft:oak_planks":16,"minecraft:crafting_table":2,"minecraft:stone_pickaxe":1}},"DataVersion":3465}