{"stats":{"minecraft:custom":{"minecraft:time_since_rest":9354,"minecraft:sprint_one_cm":27034,"minecraft:damage_taken":70,"minecraft:walk_one_cm":24904,"minecraft:mob_kills":5,"minecraft:damage_dealt":500,"minecraft:fly_one_cm":66998,"minecraft:swim_one_cm":11279,"minecraft:interact_with_crafting_table":1,"minecraft:open_chest":1,"minecraft:crouch_one_cm":496,"minecraft:play_time":9354,"minecraft:sneak_time":393,"minecraft:walk_under_water_one_cm":1310,"minecraft:jump":327,"minecraft:leave_game":1,"minecraft:walk_on_water_one_cm":3015,"minecraft:time_since_death":9354,"minecraft:total_world_time":9354,"minecraft:fall_one_cm":9578},"minecraft:picked_up":{"minecraft:crafting_table":1,"croptopia:peach":5,"croptopia:turmeric":1,"croptopia:hops":1,"minecraft:porkchop":13,"minecraft:oak_log":5,"croptopia:turmeric_seed":1,"minecraft:dirt":2,"croptopia:hops_seed":2,"minecraft:sugar_cane":5},"minecraft:killed":{"minecraft:pig":5},"minecraft:used":{"minecraft:wooden_axe":15,"minecraft:apple":1,"minecraft:bread":1,"minecraft:dirt":2,"croptopia:peach":5,"minecraft:crafting_table":1},"minecraft:mined":{"minecraft:crafting_table":1,"croptopia:peach_crop":5,"minecraft:short_grass":17,"croptopia:hops_crop":1,"croptopia:turmeric_crop":1,"minecraft:grass_block":2,"minecraft:oak_log":5,"minecraft:sugar_cane":3,"minecraft:fern":2},"minecraft:crafted":{"minecraft:oak_planks":20,"minecraft:crafting_table":1,"minecraft:stick":4,"minecraft:wooden_axe":1}},"DataVersion":3953}