{"stats":{"minecraft:picked_up":{"minecraft:crafting_table":5,"minecraft:leather_leggings":12,"minecraft:shield":2,"minecraft:string":36,"minecraft:moss_carpet":1,"eternal_tales:stress_pills":24,"minecraft:iron_leggings":1,"iceandfire:graveyard_soil":2,"minecraft:gold_nugget":7,"minecraft:beef":44,"minecraft:rose_bush":3,"minecraft:sugar_cane":5,"minecraft:chest":5,"eternal_tales:starter_kit":1,"eternal_tales:spider_man_emblem":1,"minecraft:stick":43,"minecraft:raw_iron":8,"iceandfire:ghost_chest":6,"minecraft:acacia_log":8,"minecraft:porkchop":5,"minecraft:redstone":14,"minecraft:dark_oak_planks":10,"minecraft:rotten_flesh":27,"minecraft:stone_sword":4,"eternal_tales:totem_of_eternal_darkness":6,"eternal_tales:poisonoil":2,"iceandfire:silver_ingot":4,"minecraft:arrow":64,"minecraft:stone_shovel":1,"eternal_tales:illuminati_fish":1,"eternal_tales:journal":13,"eternal_tales:chlorine":19,"minecraft:gold_ingot":51,"minecraft:skeleton_skull":2,"alexsmobs:flying_fish":1,"minecraft:cobblestone":21,"minecraft:oxeye_daisy":2,"minecraft:birch_log":14,"minecraft:leather_chestplate":13,"minecraft:feather":6,"minecraft:tripwire_hook":1,"minecraft:leather":9,"minecraft:potato":38,"minecraft:birch_planks":16,"minecraft:oak_log":46,"iceandfire:ectoplasm":6,"eternal_tales:tea_seeds":78,"mca:book_romance":2,"minecraft:dirt":5,"minecraft:leather_boots":12,"minecraft:bone":29,"minecraft:apple":1,"iceandfire:pixie_jar_empty":2,"minecraft:bow":15,"minecraft:wheat_seeds":16,"minecraft:iron_ingot":30,"minecraft:stone_pickaxe":6,"minecraft:diamond_helmet":1,"minecraft:bamboo":26,"minecraft:glowstone_dust":5,"minecraft:oak_planks":33,"biomesoplenty:toadstool":1,"minecraft:dandelion":3,"eternal_tales:tikitorch":3,"eternal_tales:broken_totem_of_rash_decisions":2,"minecraft:spider_eye":20,"alexsmobs:animal_dictionary":2,"minecraft:leather_helmet":15,"eternal_tales:bronze_coin":8,"minecraft:diamond":6,"minecraft:stone_axe":14,"iceandfire:silver_sword":4,"eternal_tales:terra_shard":4,"minecraft:chainmail_leggings":8,"minecraft:iron_helmet":1,"eternal_tales:black_tulip":1,"minecraft:bread":117,"minecraft:emerald":31,"minecraft:baked_potato":33,"eternal_tales:wolfberry":3,"minecraft:oak_sapling":18,"minecraft:coal":130,"eternal_tales:raw_chlorine":50,"iceandfire:raw_silver":14,"regions_unexplored:baobab_log":227,"minecraft:sunflower":4},"minecraft:custom":{"minecraft:mob_kills":25,"minecraft:interact_with_crafting_table":4,"minecraft:open_barrel":7,"minecraft:interact_with_campfire":34,"minecraft:leave_game":4,"minecraft:time_since_death":4017,"minecraft:climb_one_cm":3932,"minecraft:sprint_one_cm":91277,"minecraft:walk_one_cm":308696,"minecraft:drop":27,"minecraft:play_time":79955,"minecraft:deaths":11,"minecraft:sneak_time":6540,"minecraft:walk_under_water_one_cm":22117,"minecraft:jump":756,"minecraft:walk_on_water_one_cm":11074,"minecraft:total_world_time":79955,"minecraft:interact_with_furnace":2,"minecraft:sleep_in_bed":2,"minecraft:time_since_rest":5203,"minecraft:damage_taken":3708,"minecraft:damage_dealt":3514,"minecraft:swim_one_cm":59990,"minecraft:fly_one_cm":120495,"minecraft:open_chest":9,"minecraft:crouch_one_cm":18692,"minecraft:fall_one_cm":15168},"minecraft:killed_by":{"minecraft:skeleton":1,"minecraft:zombie":1},"minecraft:mined":{"minecraft:dark_oak_planks":6,"minecraft:spruce_planks":1,"iceandfire:silver_ore":4,"minecraft:spawner":9,"eternal_tales:tikitorch":4,"minecraft:iron_ore":4,"treechop:chopped_log":5,"minecraft:potatoes":9,"minecraft:vine":1,"eternal_tales:chlorine_ore":10,"minecraft:stone":15,"minecraft:tripwire":2,"iceandfire:ghost_chest":1,"minecraft:chest":2,"minecraft:cobblestone":1,"minecraft:sugar_cane":2,"minecraft:birch_planks":16,"eternal_tales:vividstatue":1,"eternal_tales:vase_et_white":7,"minecraft:grass":4,"minecraft:oak_log":5,"minecraft:coal_ore":45,"minecraft:dirt":2,"minecraft:cobweb":2,"eternal_tales:livetreepoisontrap":2,"minecraft:oak_leaves":1},"minecraft:broken":{"minecraft:stone_sword":1},"minecraft:dropped":{"minecraft:bread":30,"minecraft:iron_helmet":1,"minecraft:leather_helmet":2,"iceandfire:graveyard_soil":1,"eternal_tales:tea_seeds":13,"eternal_tales:raw_chlorine":25,"iceandfire:silver_sword":1,"minecraft:iron_leggings":1,"minecraft:sunflower":1,"minecraft:tripwire_hook":1,"minecraft:stone_axe":2,"minecraft:rotten_flesh":3,"minecraft:glowstone_dust":1,"eternal_tales:black_tulip":1,"minecraft:leather_chestplate":2,"minecraft:shield":1,"minecraft:leather_boots":1,"minecraft:leather_leggings":6,"minecraft:wooden_pickaxe":1},"minecraft:used":{"minecraft:moss_carpet":1,"minecraft:rose_bush":3,"minecraft:stone_sword":43,"iceandfire:silver_sword":33,"minecraft:dirt":1,"minecraft:diamond_helmet":1,"eternal_tales:wolfberry":3,"minecraft:potato":16,"minecraft:stone_pickaxe":88,"minecraft:baked_potato":12,"minecraft:oak_planks":1,"minecraft:wooden_pickaxe":5,"minecraft:crafting_table":3,"eternal_tales:tikitorch":3,"alexsmobs:flying_fish":1,"minecraft:apple":3,"minecraft:oxeye_daisy":2,"minecraft:bread":4,"minecraft:string":4,"eternal_tales:starter_kit":1,"biomesoplenty:toadstool":1,"minecraft:stone_axe":72,"minecraft:cobblestone":12,"alexsmobs:animal_dictionary":1,"minecraft:dandelion":3,"minecraft:chainmail_leggings":1},"minecraft:killed":{"eternal_tales:sunflower_spider":1,"minecraft:skeleton":3,"minecraft:parrot":1,"minecraft:pig":4,"minecraft:zombie":5,"minecraft:cow":4},"minecraft:crafted":{"minecraft:oak_planks":56,"regions_unexplored:baobab_planks":4,"minecraft:bow":2,"minecraft:iron_boots":1,"minecraft:stone_pickaxe":1,"minecraft:crafting_table":4,"minecraft:iron_chestplate":1,"minecraft:shield":1}},"DataVersion":3465}