{"stats":{"minecraft:picked_up":{"minecraft:dark_oak_sapling":1,"minecraft:stick":2,"minecraft:spruce_log":1,"minecraft:dark_oak_log":9},"minecraft:custom":{"minecraft:jump":49,"minecraft:time_since_rest":7255,"minecraft:crouch_one_cm":665,"minecraft:sprint_one_cm":1470,"minecraft:leave_game":3,"minecraft:play_time":7255,"minecraft:time_since_death":7255,"minecraft:walk_one_cm":73939,"minecraft:sneak_time":142,"minecraft:total_world_time":7255,"minecraft:interact_with_crafting_table":1,"minecraft:fly_one_cm":1237},"minecraft:crafted":{"minecraft:dark_oak_planks":36,"minecraft:crafting_table":1,"minecraft:spruce_planks":4,"minecraft:wooden_axe":1},"minecraft:mined":{"biomesoplenty:bush":1,"treechop:chopped_log":2},"minecraft:used":{"minecraft:wooden_axe":7,"minecraft:crafting_table":1}},"DataVersion":3465}