{"stats":{"minecraft:picked_up":{"minecraft:crafting_table":4,"minecraft:coarse_dirt":1,"minecraft:wheat":43,"minecraft:golden_carrot":3,"minecraft:suspicious_stew":3,"minecraft:leather":35,"minecraft:potato":15,"minecraft:string":25,"minecraft:acacia_planks":21,"minecraft:apple":20,"minecraft:wheat_seeds":42,"minecraft:gold_nugget":36,"minecraft:cobbled_deepslate":10,"minecraft:iron_ingot":3,"minecraft:beef":9,"minecraft:stone_pickaxe":4,"minecraft:iron_nugget":6,"minecraft:acacia_sapling":10,"minecraft:furnace":5,"minecraft:book":6,"minecraft:dark_oak_sapling":1,"minecraft:stick":15,"minecraft:torch":33,"minecraft:acacia_log":36,"minecraft:porkchop":14,"minecraft:spruce_sapling":20,"minecraft:carrot":9,"minecraft:spruce_log":56,"minecraft:dark_oak_log":9,"minecraft:spider_eye":1,"minecraft:stone_sword":4,"minecraft:pumpkin_seeds":6,"minecraft:rotten_flesh":7,"biomesoplenty:jacaranda_log":23,"minecraft:bread":27,"minecraft:oak_sapling":2,"minecraft:black_wool":2,"minecraft:melon_seeds":9,"minecraft:mutton":22,"minecraft:coal":154,"iceandfire:raw_silver":2,"minecraft:cobblestone":101},"minecraft:dropped":{"minecraft:wooden_pickaxe":1},"minecraft:broken":{"minecraft:wooden_axe":1},"minecraft:killed_by":{"minecraft:zombie":3,"alexsmobs:grizzly_bear":1,"iceandfire:sea_serpent":1},"minecraft:custom":{"minecraft:interact_with_furnace":14,"minecraft:mob_kills":20,"minecraft:interact_with_crafting_table":9,"minecraft:open_barrel":3,"minecraft:leave_game":12,"minecraft:time_since_death":388,"minecraft:sleep_in_bed":1,"minecraft:climb_one_cm":816,"minecraft:time_since_rest":812,"minecraft:sprint_one_cm":168751,"minecraft:damage_taken":1630,"minecraft:walk_one_cm":750986,"minecraft:drop":1,"minecraft:damage_dealt":2884,"minecraft:swim_one_cm":63865,"minecraft:fly_one_cm":191897,"minecraft:open_chest":43,"minecraft:crouch_one_cm":14522,"minecraft:play_time":68705,"minecraft:deaths":5,"minecraft:sneak_time":2405,"minecraft:walk_under_water_one_cm":8066,"minecraft:boat_one_cm":70695,"minecraft:jump":1064,"minecraft:walk_on_water_one_cm":16942,"minecraft:total_world_time":68705,"minecraft:fall_one_cm":18926},"minecraft:killed":{"minecraft:cave_spider":1,"minecraft:pig":9,"minecraft:zombie_villager":1,"minecraft:sheep":1,"minecraft:zombie":3,"minecraft:cow":5},"minecraft:crafted":{"minecraft:cooked_porkchop":5,"minecraft:crafting_table":2,"minecraft:spruce_planks":4,"minecraft:wooden_pickaxe":1,"minecraft:furnace":1,"minecraft:acacia_boat":1,"minecraft:cooked_mutton":2,"minecraft:air":0,"minecraft:stick":4,"minecraft:stone_pickaxe":1,"minecraft:wooden_axe":1,"minecraft:stone_sword":1,"minecraft:acacia_planks":16,"minecraft:dark_oak_planks":36,"minecraft:torch":28},"minecraft:mined":{"iceandfire:silver_ore":2,"minecraft:crafting_table":4,"minecraft:glow_lichen":1,"minecraft:torch":2,"biomesoplenty:bush":1,"minecraft:acacia_log":1,"minecraft:cobblestone":7,"minecraft:wall_torch":1,"minecraft:coarse_dirt":1,"minecraft:furnace":2,"treechop:chopped_log":5,"minecraft:grass":1,"biomesoplenty:clover":2,"minecraft:coal_ore":38,"minecraft:cobweb":7,"biomesoplenty:spider_egg":1,"minecraft:stone":26,"minecraft:oak_leaves":5,"minecraft:deepslate":10},"minecraft:used":{"minecraft:cooked_mutton":2,"minecraft:acacia_boat":1,"minecraft:stone_sword":55,"minecraft:stone_pickaxe":80,"minecraft:wooden_pickaxe":8,"minecraft:torch":12,"minecraft:crafting_table":6,"minecraft:wooden_axe":46,"minecraft:cobblestone":11,"minecraft:furnace":2,"minecraft:cooked_porkchop":5,"minecraft:coarse_dirt":1,"minecraft:cobbled_deepslate":2}},"DataVersion":3465}