{"stats":{"minecraft:picked_up":{"minecraft:crafting_table":4,"minecraft:leather":7,"minecraft:string":1,"minecraft:cobbled_deepslate":10,"minecraft:beef":9,"minecraft:acacia_sapling":2,"minecraft:furnace":2,"minecraft:dark_oak_sapling":1,"minecraft:stick":15,"minecraft:torch":3,"minecraft:acacia_log":11,"minecraft:porkchop":14,"minecraft:spruce_sapling":5,"minecraft:spruce_log":12,"minecraft:dark_oak_log":9,"minecraft:spider_eye":1,"minecraft:rotten_flesh":1,"biomesoplenty:jacaranda_log":23,"minecraft:oak_sapling":1,"minecraft:black_wool":1,"minecraft:mutton":2,"minecraft:coal":58,"iceandfire:raw_silver":2,"minecraft:cobblestone":33},"minecraft:dropped":{"minecraft:wooden_pickaxe":1},"minecraft:broken":{"minecraft:wooden_axe":1},"minecraft:killed_by":{"iceandfire:sea_serpent":1},"minecraft:custom":{"minecraft:interact_with_furnace":8,"minecraft:mob_kills":20,"minecraft:interact_with_crafting_table":6,"minecraft:leave_game":5,"minecraft:time_since_death":533,"minecraft:time_since_rest":686,"minecraft:sprint_one_cm":104197,"minecraft:damage_taken":630,"minecraft:walk_one_cm":607520,"minecraft:drop":1,"minecraft:damage_dealt":2553,"minecraft:swim_one_cm":56783,"minecraft:fly_one_cm":120996,"minecraft:open_chest":5,"minecraft:crouch_one_cm":14054,"minecraft:play_time":48575,"minecraft:deaths":1,"minecraft:sneak_time":2284,"minecraft:walk_under_water_one_cm":6170,"minecraft:jump":791,"minecraft:walk_on_water_one_cm":16207,"minecraft:total_world_time":48575,"minecraft:fall_one_cm":11792},"minecraft:killed":{"minecraft:cave_spider":1,"minecraft:pig":9,"minecraft:zombie_villager":1,"minecraft:sheep":1,"minecraft:zombie":3,"minecraft:cow":5},"minecraft:crafted":{"minecraft:cooked_porkchop":5,"minecraft:crafting_table":1,"minecraft:spruce_planks":4,"minecraft:wooden_pickaxe":1,"minecraft:furnace":1,"minecraft:cooked_mutton":2,"minecraft:air":0,"minecraft:stick":4,"minecraft:stone_pickaxe":1,"minecraft:wooden_axe":1,"minecraft:stone_sword":1,"minecraft:dark_oak_planks":36,"minecraft:torch":16},"minecraft:mined":{"iceandfire:silver_ore":2,"minecraft:crafting_table":4,"minecraft:glow_lichen":1,"minecraft:torch":2,"biomesoplenty:bush":1,"minecraft:acacia_log":1,"minecraft:cobblestone":7,"minecraft:wall_torch":1,"minecraft:furnace":2,"treechop:chopped_log":5,"minecraft:grass":1,"biomesoplenty:clover":2,"minecraft:coal_ore":38,"biomesoplenty:spider_egg":1,"minecraft:stone":26,"minecraft:oak_leaves":5,"minecraft:deepslate":10},"minecraft:used":{"minecraft:cooked_mutton":2,"minecraft:stone_sword":44,"minecraft:stone_pickaxe":80,"minecraft:wooden_pickaxe":8,"minecraft:torch":11,"minecraft:crafting_table":5,"minecraft:wooden_axe":46,"minecraft:cobblestone":11,"minecraft:furnace":2,"minecraft:cooked_porkchop":5,"minecraft:cobbled_deepslate":2}},"DataVersion":3465}