{"stats":{"minecraft:picked_up":{"minecraft:crafting_table":8,"minecraft:leather_leggings":12,"minecraft:shield":2,"minecraft:string":53,"minecraft:moss_carpet":1,"eternal_tales:stress_pills":24,"minecraft:iron_leggings":1,"iceandfire:graveyard_soil":2,"minecraft:gold_nugget":7,"minecraft:beef":44,"minecraft:oak_boat":2,"minecraft:rose_bush":3,"minecraft:sugar_cane":5,"minecraft:chest":5,"eternal_tales:starter_kit":1,"eternal_tales:spider_man_emblem":1,"minecraft:stick":43,"minecraft:raw_iron":32,"iceandfire:ghost_chest":6,"minecraft:oak_fence":1,"minecraft:torch":3,"minecraft:acacia_log":8,"eternal_tales:raw_quinine":63,"minecraft:porkchop":5,"minecraft:redstone":14,"minecraft:dark_oak_planks":13,"minecraft:green_banner":1,"minecraft:rotten_flesh":38,"minecraft:stone_sword":4,"eternal_tales:totem_of_eternal_darkness":6,"eternal_tales:poisonoil":2,"iceandfire:silver_ingot":4,"minecraft:stone_shovel":1,"minecraft:arrow":67,"eternal_tales:illuminati_fish":1,"eternal_tales:journal":13,"eternal_tales:chlorine":19,"minecraft:gold_ingot":51,"minecraft:skeleton_skull":2,"alexsmobs:flying_fish":1,"minecraft:cobblestone":45,"minecraft:oxeye_daisy":2,"minecraft:birch_log":14,"minecraft:leather_chestplate":13,"minecraft:feather":6,"minecraft:tripwire_hook":1,"minecraft:andesite":3,"minecraft:leather":9,"minecraft:potato":38,"minecraft:birch_planks":16,"minecraft:oak_log":46,"iceandfire:ectoplasm":6,"minecraft:gunpowder":1,"eternal_tales:tea_seeds":78,"mca:book_romance":2,"minecraft:dirt":5,"minecraft:leather_boots":12,"minecraft:bone":31,"minecraft:apple":1,"iceandfire:pixie_jar_empty":2,"minecraft:bow":16,"minecraft:wheat_seeds":16,"minecraft:stone_pickaxe":6,"minecraft:iron_ingot":30,"minecraft:diamond_helmet":1,"minecraft:glowstone_dust":5,"minecraft:bamboo":26,"minecraft:oak_planks":33,"minecraft:dark_oak_stairs":2,"biomesoplenty:toadstool":1,"minecraft:dandelion":3,"eternal_tales:tikitorch":3,"alexsmobs:animal_dictionary":2,"minecraft:spider_eye":21,"eternal_tales:broken_totem_of_rash_decisions":2,"minecraft:leather_helmet":15,"eternal_tales:bronze_coin":8,"minecraft:diamond":8,"minecraft:stone_axe":14,"iceandfire:silver_sword":4,"eternal_tales:terra_shard":4,"minecraft:chainmail_leggings":8,"minecraft:iron_helmet":1,"eternal_tales:black_tulip":1,"minecraft:emerald":31,"minecraft:bread":117,"minecraft:baked_potato":33,"eternal_tales:wolfberry":3,"minecraft:oak_sapling":18,"minecraft:coal":164,"eternal_tales:raw_chlorine":72,"iceandfire:raw_silver":31,"regions_unexplored:baobab_log":227,"minecraft:sunflower":4},"minecraft:custom":{"minecraft:mob_kills":40,"minecraft:interact_with_crafting_table":7,"minecraft:open_barrel":10,"minecraft:interact_with_campfire":34,"minecraft:leave_game":7,"minecraft:time_since_death":518,"minecraft:climb_one_cm":3932,"minecraft:sprint_one_cm":185605,"minecraft:walk_one_cm":439648,"minecraft:damage_blocked_by_shield":285,"minecraft:drop":31,"minecraft:play_time":121707,"minecraft:sneak_time":8373,"minecraft:deaths":15,"minecraft:walk_under_water_one_cm":26169,"minecraft:boat_one_cm":73080,"minecraft:jump":1648,"minecraft:walk_on_water_one_cm":22040,"minecraft:total_world_time":121707,"minecraft:interact_with_furnace":2,"minecraft:sleep_in_bed":2,"minecraft:time_since_rest":714,"minecraft:damage_taken":5376,"minecraft:damage_dealt":6771,"minecraft:swim_one_cm":64531,"minecraft:fly_one_cm":268611,"minecraft:open_chest":15,"minecraft:crouch_one_cm":24665,"minecraft:fall_one_cm":45523},"minecraft:killed_by":{"minecraft:creeper":2,"minecraft:skeleton":2,"minecraft:zombie":2},"minecraft:mined":{"minecraft:dark_oak_planks":9,"minecraft:diamond_ore":1,"minecraft:spruce_planks":1,"iceandfire:silver_ore":17,"minecraft:deepslate_diamond_ore":1,"biomesoplenty:desert_grass":1,"iceandfire:deepslate_silver_ore":4,"minecraft:spawner":10,"eternal_tales:tikitorch":4,"minecraft:iron_ore":18,"treechop:chopped_log":5,"minecraft:dark_oak_stairs":2,"minecraft:sculk_shrieker":1,"minecraft:potatoes":9,"minecraft:deepslate_iron_ore":7,"minecraft:vine":1,"eternal_tales:chlorine_ore":21,"minecraft:stone":33,"minecraft:tripwire":2,"minecraft:oak_fence":1,"minecraft:crafting_table":3,"iceandfire:ghost_chest":1,"minecraft:chest":2,"eternal_tales:deepslate_quinine_ore":58,"minecraft:cobblestone":7,"minecraft:sugar_cane":2,"minecraft:birch_planks":16,"eternal_tales:vividstatue":1,"eternal_tales:vase_et_white":7,"minecraft:grass":7,"minecraft:oak_log":5,"minecraft:coal_ore":75,"minecraft:dirt":2,"biomesoplenty:stringy_cobweb":1,"minecraft:cobweb":8,"eternal_tales:livetreepoisontrap":2,"minecraft:oak_leaves":1},"minecraft:broken":{"minecraft:stone_sword":1},"minecraft:dropped":{"minecraft:bread":30,"minecraft:iron_helmet":1,"minecraft:leather_helmet":2,"iceandfire:graveyard_soil":1,"eternal_tales:tea_seeds":13,"eternal_tales:raw_chlorine":25,"minecraft:torch":2,"iceandfire:silver_sword":1,"minecraft:iron_leggings":1,"minecraft:sunflower":1,"minecraft:tripwire_hook":1,"minecraft:bone":1,"minecraft:stone_axe":2,"minecraft:rotten_flesh":3,"minecraft:glowstone_dust":1,"eternal_tales:black_tulip":1,"minecraft:leather_chestplate":2,"minecraft:shield":1,"minecraft:leather_boots":1,"minecraft:leather_leggings":6,"minecraft:spider_eye":1,"minecraft:wooden_pickaxe":1},"minecraft:used":{"minecraft:oak_fence":1,"minecraft:moss_carpet":1,"minecraft:stone_sword":43,"minecraft:rose_bush":3,"iceandfire:silver_sword":33,"minecraft:shield":7,"minecraft:torch":5,"minecraft:dirt":1,"minecraft:diamond_helmet":1,"eternal_tales:wolfberry":3,"minecraft:iron_axe":11,"minecraft:potato":16,"minecraft:dark_oak_stairs":2,"minecraft:water_bucket":3,"minecraft:stone_pickaxe":88,"minecraft:baked_potato":12,"minecraft:oak_planks":1,"minecraft:wooden_pickaxe":5,"minecraft:crafting_table":5,"eternal_tales:tikitorch":3,"alexsmobs:flying_fish":1,"minecraft:apple":3,"minecraft:oxeye_daisy":2,"minecraft:bread":20,"minecraft:string":4,"minecraft:iron_pickaxe":167,"eternal_tales:starter_kit":1,"biomesoplenty:toadstool":1,"minecraft:stone_axe":72,"minecraft:diamond_sword":65,"minecraft:cobblestone":33,"minecraft:bucket":3,"minecraft:oak_boat":2,"alexsmobs:animal_dictionary":1,"minecraft:dandelion":3,"minecraft:chainmail_leggings":1},"minecraft:killed":{"eternal_tales:sunflower_spider":1,"minecraft:cave_spider":1,"mca:male_zombie_villager":1,"minecraft:spider":2,"minecraft:skeleton":7,"minecraft:parrot":1,"minecraft:pig":4,"minecraft:zombie":11,"minecraft:cow":4},"minecraft:crafted":{"minecraft:oak_planks":56,"regions_unexplored:baobab_planks":4,"minecraft:bow":2,"minecraft:iron_boots":1,"minecraft:iron_axe":1,"minecraft:stone_pickaxe":1,"minecraft:diamond_sword":1,"minecraft:crafting_table":4,"minecraft:oak_boat":1,"minecraft:iron_chestplate":1,"minecraft:shield":2,"minecraft:stick":4,"minecraft:iron_pickaxe":1,"minecraft:torch":4}},"DataVersion":3465}