{"stats":{"minecraft:picked_up":{"minecraft:birch_log":14,"minecraft:crafting_table":5,"minecraft:leather_chestplate":11,"minecraft:leather_leggings":9,"minecraft:leather":9,"minecraft:potato":34,"minecraft:oak_log":31,"iceandfire:ectoplasm":6,"minecraft:shield":2,"eternal_tales:tea_seeds":60,"mca:book_romance":2,"minecraft:string":22,"minecraft:dirt":4,"minecraft:moss_carpet":1,"eternal_tales:stress_pills":21,"minecraft:iron_leggings":1,"minecraft:leather_boots":11,"minecraft:bone":29,"minecraft:apple":1,"iceandfire:graveyard_soil":2,"minecraft:bow":14,"minecraft:wheat_seeds":16,"minecraft:beef":33,"minecraft:iron_ingot":15,"minecraft:stone_pickaxe":6,"minecraft:rose_bush":3,"minecraft:glowstone_dust":5,"minecraft:bamboo":14,"minecraft:chest":3,"minecraft:oak_planks":17,"eternal_tales:starter_kit":1,"biomesoplenty:toadstool":1,"minecraft:raw_iron":4,"minecraft:stick":15,"iceandfire:ghost_chest":6,"minecraft:acacia_log":8,"minecraft:dandelion":3,"eternal_tales:tikitorch":3,"minecraft:redstone":14,"minecraft:spider_eye":16,"alexsmobs:animal_dictionary":2,"eternal_tales:broken_totem_of_rash_decisions":2,"minecraft:leather_helmet":14,"eternal_tales:bronze_coin":4,"iceandfire:silver_ingot":3,"eternal_tales:poisonoil":2,"eternal_tales:totem_of_eternal_darkness":4,"minecraft:stone_sword":4,"minecraft:arrow":37,"minecraft:rotten_flesh":21,"minecraft:stone_shovel":1,"minecraft:diamond":2,"minecraft:stone_axe":13,"iceandfire:silver_sword":3,"eternal_tales:terra_shard":4,"minecraft:chainmail_leggings":7,"eternal_tales:journal":13,"eternal_tales:chlorine":12,"iceandfire:raw_silver":1,"minecraft:gold_ingot":37,"minecraft:baked_potato":33,"eternal_tales:wolfberry":3,"minecraft:oak_sapling":18,"minecraft:coal":65,"eternal_tales:raw_chlorine":25,"minecraft:sunflower":4,"regions_unexplored:baobab_log":114,"minecraft:cobblestone":19,"minecraft:oxeye_daisy":2},"minecraft:custom":{"minecraft:interact_with_furnace":2,"minecraft:mob_kills":16,"minecraft:interact_with_crafting_table":1,"minecraft:open_barrel":1,"minecraft:interact_with_campfire":34,"minecraft:leave_game":3,"minecraft:time_since_death":16171,"minecraft:sleep_in_bed":2,"minecraft:climb_one_cm":1966,"minecraft:time_since_rest":16223,"minecraft:sprint_one_cm":73050,"minecraft:damage_taken":2872,"minecraft:walk_one_cm":278129,"minecraft:drop":13,"minecraft:damage_dealt":2189,"minecraft:play_time":60944,"minecraft:crouch_one_cm":15962,"minecraft:swim_one_cm":11430,"minecraft:fly_one_cm":93545,"minecraft:sneak_time":5211,"minecraft:open_chest":6,"minecraft:deaths":9,"minecraft:walk_under_water_one_cm":2046,"minecraft:jump":581,"minecraft:walk_on_water_one_cm":3646,"minecraft:total_world_time":60944,"minecraft:fall_one_cm":11925},"minecraft:killed_by":{"minecraft:skeleton":1},"minecraft:mined":{"iceandfire:silver_ore":1,"iceandfire:ghost_chest":1,"minecraft:chest":1,"minecraft:spawner":8,"eternal_tales:vividstatue":1,"eternal_tales:tikitorch":4,"minecraft:iron_ore":4,"treechop:chopped_log":4,"eternal_tales:vase_et_white":7,"minecraft:grass":1,"minecraft:oak_log":5,"minecraft:potatoes":9,"minecraft:coal_ore":45,"minecraft:vine":1,"minecraft:dirt":2,"eternal_tales:livetreepoisontrap":2,"eternal_tales:chlorine_ore":10,"minecraft:stone":14,"minecraft:oak_leaves":1,"minecraft:tripwire":2},"minecraft:dropped":{"minecraft:stone_axe":2,"minecraft:leather_helmet":1,"iceandfire:graveyard_soil":1,"minecraft:leather_chestplate":1,"minecraft:shield":1,"minecraft:leather_boots":1,"minecraft:leather_leggings":3,"minecraft:iron_leggings":1,"minecraft:sunflower":1,"minecraft:wooden_pickaxe":1},"minecraft:used":{"minecraft:moss_carpet":1,"minecraft:rose_bush":3,"minecraft:stone_sword":18,"iceandfire:silver_sword":33,"minecraft:stone_pickaxe":82,"minecraft:baked_potato":12,"minecraft:oak_planks":1,"minecraft:wooden_pickaxe":5,"minecraft:crafting_table":2,"eternal_tales:tikitorch":3,"eternal_tales:wolfberry":2,"minecraft:apple":3,"minecraft:oxeye_daisy":2,"minecraft:string":4,"eternal_tales:starter_kit":1,"biomesoplenty:toadstool":1,"minecraft:stone_axe":32,"minecraft:cobblestone":5,"alexsmobs:animal_dictionary":1,"minecraft:dandelion":3,"minecraft:potato":16,"minecraft:chainmail_leggings":1},"minecraft:killed":{"eternal_tales:sunflower_spider":1,"minecraft:skeleton":3,"minecraft:zombie":1,"minecraft:cow":4},"minecraft:crafted":{"regions_unexplored:baobab_planks":4,"minecraft:oak_planks":16,"minecraft:crafting_table":3,"minecraft:bow":1,"minecraft:stone_pickaxe":1}},"DataVersion":3465}