{"stats":{"minecraft:picked_up":{"minecraft:crafting_table":4,"minecraft:leather":7,"minecraft:string":1,"minecraft:cobbled_deepslate":10,"minecraft:beef":9,"minecraft:acacia_sapling":2,"minecraft:furnace":2,"minecraft:dark_oak_sapling":1,"minecraft:stick":15,"minecraft:torch":3,"minecraft:acacia_log":11,"minecraft:porkchop":14,"minecraft:spruce_sapling":5,"minecraft:spruce_log":12,"minecraft:dark_oak_log":9,"minecraft:spider_eye":1,"minecraft:rotten_flesh":1,"biomesoplenty:jacaranda_log":23,"minecraft:oak_sapling":1,"minecraft:coal":58,"minecraft:black_wool":1,"minecraft:mutton":2,"iceandfire:raw_silver":2,"minecraft:cobblestone":33},"minecraft:dropped":{"minecraft:wooden_pickaxe":1},"minecraft:broken":{"minecraft:wooden_axe":1},"minecraft:killed_by":{"alexsmobs:grizzly_bear":1,"iceandfire:sea_serpent":1},"minecraft:custom":{"minecraft:interact_with_furnace":14,"minecraft:mob_kills":20,"minecraft:interact_with_crafting_table":8,"minecraft:leave_game":10,"minecraft:time_since_death":2429,"minecraft:time_since_rest":2485,"minecraft:sprint_one_cm":151428,"minecraft:damage_taken":880,"minecraft:walk_one_cm":636093,"minecraft:drop":1,"minecraft:damage_dealt":2553,"minecraft:swim_one_cm":63865,"minecraft:fly_one_cm":175238,"minecraft:open_chest":41,"minecraft:crouch_one_cm":14054,"minecraft:play_time":56982,"minecraft:deaths":2,"minecraft:sneak_time":2284,"minecraft:walk_under_water_one_cm":6282,"minecraft:jump":948,"minecraft:walk_on_water_one_cm":16558,"minecraft:total_world_time":56982,"minecraft:fall_one_cm":17881},"minecraft:killed":{"minecraft:cave_spider":1,"minecraft:pig":9,"minecraft:zombie_villager":1,"minecraft:sheep":1,"minecraft:zombie":3,"minecraft:cow":5},"minecraft:crafted":{"minecraft:cooked_porkchop":5,"minecraft:crafting_table":1,"minecraft:spruce_planks":4,"minecraft:wooden_pickaxe":1,"minecraft:furnace":1,"minecraft:cooked_mutton":2,"minecraft:air":0,"minecraft:stick":4,"minecraft:stone_pickaxe":1,"minecraft:wooden_axe":1,"minecraft:stone_sword":1,"minecraft:dark_oak_planks":36,"minecraft:torch":16},"minecraft:mined":{"iceandfire:silver_ore":2,"minecraft:crafting_table":4,"minecraft:glow_lichen":1,"minecraft:torch":2,"biomesoplenty:bush":1,"minecraft:acacia_log":1,"minecraft:cobblestone":7,"minecraft:wall_torch":1,"minecraft:furnace":2,"treechop:chopped_log":5,"minecraft:grass":1,"biomesoplenty:clover":2,"minecraft:coal_ore":38,"biomesoplenty:spider_egg":1,"minecraft:stone":26,"minecraft:oak_leaves":5,"minecraft:deepslate":10},"minecraft:used":{"minecraft:cooked_mutton":2,"minecraft:stone_sword":44,"minecraft:stone_pickaxe":80,"minecraft:wooden_pickaxe":8,"minecraft:torch":11,"minecraft:crafting_table":5,"minecraft:wooden_axe":46,"minecraft:cobblestone":11,"minecraft:furnace":2,"minecraft:cooked_porkchop":5,"minecraft:cobbled_deepslate":2}},"DataVersion":3465}