{"stats":{"minecraft:picked_up":{"minecraft:birch_log":14,"minecraft:crafting_table":2,"minecraft:leather_chestplate":4,"minecraft:leather_leggings":4,"minecraft:leather":9,"minecraft:potato":34,"minecraft:oak_log":31,"iceandfire:ectoplasm":6,"eternal_tales:tea_seeds":20,"mca:book_romance":2,"minecraft:dirt":4,"minecraft:string":12,"minecraft:moss_carpet":1,"eternal_tales:stress_pills":6,"minecraft:iron_leggings":1,"minecraft:leather_boots":4,"minecraft:bone":29,"minecraft:apple":1,"iceandfire:graveyard_soil":2,"minecraft:bow":4,"minecraft:wheat_seeds":16,"minecraft:iron_ingot":6,"minecraft:beef":33,"minecraft:stone_pickaxe":2,"minecraft:rose_bush":3,"minecraft:glowstone_dust":2,"minecraft:bamboo":4,"minecraft:chest":3,"minecraft:oak_planks":16,"eternal_tales:starter_kit":1,"biomesoplenty:toadstool":1,"minecraft:stick":15,"iceandfire:ghost_chest":3,"minecraft:dandelion":3,"eternal_tales:tikitorch":3,"minecraft:rotten_flesh":6,"minecraft:redstone":4,"minecraft:arrow":3,"eternal_tales:poisonoil":2,"minecraft:leather_helmet":6,"alexsmobs:animal_dictionary":2,"minecraft:spider_eye":6,"eternal_tales:broken_totem_of_rash_decisions":2,"eternal_tales:bronze_coin":4,"minecraft:stone_sword":2,"iceandfire:silver_ingot":3,"minecraft:stone_shovel":1,"minecraft:diamond":2,"minecraft:stone_axe":4,"iceandfire:silver_sword":3,"eternal_tales:terra_shard":4,"minecraft:chainmail_leggings":4,"eternal_tales:journal":5,"eternal_tales:chlorine":6,"minecraft:gold_ingot":11,"minecraft:baked_potato":33,"minecraft:oak_sapling":18,"minecraft:coal":38,"minecraft:oxeye_daisy":2,"minecraft:cobblestone":13,"minecraft:sunflower":4},"minecraft:custom":{"minecraft:interact_with_furnace":2,"minecraft:mob_kills":16,"minecraft:interact_with_crafting_table":1,"minecraft:open_barrel":1,"minecraft:interact_with_campfire":34,"minecraft:leave_game":1,"minecraft:time_since_death":935,"minecraft:sleep_in_bed":2,"minecraft:climb_one_cm":1302,"minecraft:time_since_rest":970,"minecraft:sprint_one_cm":48330,"minecraft:damage_taken":1793,"minecraft:walk_one_cm":200402,"minecraft:drop":5,"minecraft:damage_dealt":2159,"minecraft:fly_one_cm":32616,"minecraft:open_chest":4,"minecraft:crouch_one_cm":11960,"minecraft:play_time":41178,"minecraft:deaths":4,"minecraft:sneak_time":3577,"minecraft:jump":260,"minecraft:walk_on_water_one_cm":21,"minecraft:total_world_time":41178,"minecraft:fall_one_cm":4826},"minecraft:mined":{"iceandfire:ghost_chest":1,"minecraft:chest":1,"minecraft:spawner":6,"eternal_tales:tikitorch":4,"treechop:chopped_log":4,"eternal_tales:vase_et_white":6,"minecraft:grass":1,"minecraft:oak_log":5,"minecraft:potatoes":9,"minecraft:coal_ore":18,"minecraft:vine":1,"minecraft:dirt":2,"eternal_tales:livetreepoisontrap":2,"minecraft:stone":8,"minecraft:oak_leaves":1,"minecraft:tripwire":2},"minecraft:killed_by":{"minecraft:skeleton":1},"minecraft:dropped":{"iceandfire:graveyard_soil":1,"minecraft:leather_leggings":1,"minecraft:iron_leggings":1,"minecraft:sunflower":1,"minecraft:wooden_pickaxe":1},"minecraft:used":{"minecraft:moss_carpet":1,"minecraft:stone_sword":18,"minecraft:rose_bush":3,"iceandfire:silver_sword":33,"minecraft:stone_pickaxe":30,"minecraft:baked_potato":12,"minecraft:wooden_pickaxe":5,"minecraft:crafting_table":1,"eternal_tales:tikitorch":3,"minecraft:apple":3,"minecraft:oxeye_daisy":2,"minecraft:string":4,"eternal_tales:starter_kit":1,"biomesoplenty:toadstool":1,"minecraft:stone_axe":32,"minecraft:cobblestone":5,"alexsmobs:animal_dictionary":1,"minecraft:potato":16,"minecraft:dandelion":3,"minecraft:chainmail_leggings":1},"minecraft:killed":{"eternal_tales:sunflower_spider":1,"minecraft:skeleton":3,"minecraft:zombie":1,"minecraft:cow":4},"minecraft:crafted":{"minecraft:oak_planks":16,"minecraft:crafting_table":2,"minecraft:stone_pickaxe":1}},"DataVersion":3465}